trial,testing,parameters,initial_deadline,final_deadline,net_reward,actions,success
1,False,"{'a': 0.01, 'e': 1.0}",25,11,-51.864694515738194,"{0: 8, 1: 0, 2: 6, 3: 0, 4: 0}",1
2,False,"{'a': 0.01, 'e': 0.99}",20,0,-119.1782953287703,"{0: 9, 1: 4, 2: 5, 3: 1, 4: 1}",0
3,False,"{'a': 0.01, 'e': 0.9801}",20,0,-68.22106784825729,"{0: 12, 1: 6, 2: 1, 3: 0, 4: 1}",0
4,False,"{'a': 0.01, 'e': 0.970299}",25,0,-164.9048702438437,"{0: 14, 1: 1, 2: 7, 3: 1, 4: 2}",0
5,False,"{'a': 0.01, 'e': 0.96059601}",25,11,-76.18139097385068,"{0: 7, 1: 2, 2: 4, 3: 0, 4: 1}",1
6,False,"{'a': 0.01, 'e': 0.9509900498999999}",20,0,-32.51719828932396,"{0: 14, 1: 2, 2: 4, 3: 0, 4: 0}",0
7,False,"{'a': 0.01, 'e': 0.941480149401}",30,0,-113.37577921163462,"{0: 18, 1: 4, 2: 7, 3: 0, 4: 1}",0
8,False,"{'a': 0.01, 'e': 0.9320653479069899}",30,0,-130.07221167121807,"{0: 19, 1: 4, 2: 5, 3: 0, 4: 2}",0
9,False,"{'a': 0.01, 'e': 0.9227446944279201}",20,0,-49.60396561422781,"{0: 13, 1: 3, 2: 4, 3: 0, 4: 0}",0
10,False,"{'a': 0.01, 'e': 0.9135172474836408}",20,0,-88.92490938555835,"{0: 12, 1: 1, 2: 6, 3: 0, 4: 1}",0
11,False,"{'a': 0.01, 'e': 0.9043820750088044}",35,0,-133.67685112397731,"{0: 24, 1: 4, 2: 4, 3: 1, 4: 2}",0
12,False,"{'a': 0.01, 'e': 0.8953382542587164}",20,0,-153.7712487975637,"{0: 11, 1: 1, 2: 4, 3: 2, 4: 2}",0
13,False,"{'a': 0.01, 'e': 0.8863848717161292}",25,11,-95.71921568509504,"{0: 9, 1: 0, 2: 3, 3: 0, 4: 2}",1
14,False,"{'a': 0.01, 'e': 0.8775210229989678}",25,17,-10.58266537144635,"{0: 5, 1: 2, 2: 1, 3: 0, 4: 0}",1
15,False,"{'a': 0.01, 'e': 0.8687458127689782}",30,0,-120.72830950956751,"{0: 20, 1: 3, 2: 5, 3: 0, 4: 2}",0
16,False,"{'a': 0.01, 'e': 0.8600583546412884}",30,3,-103.8659281837517,"{0: 15, 1: 5, 2: 6, 3: 0, 4: 1}",1
17,False,"{'a': 0.01, 'e': 0.8514577710948755}",30,12,-55.916344162847146,"{0: 10, 1: 2, 2: 6, 3: 0, 4: 0}",1
18,False,"{'a': 0.01, 'e': 0.8429431933839268}",25,1,-145.1386283645188,"{0: 12, 1: 4, 2: 6, 3: 0, 4: 2}",1
19,False,"{'a': 0.01, 'e': 0.8345137614500875}",20,0,-15.21721630706599,"{0: 16, 1: 1, 2: 3, 3: 0, 4: 0}",0
20,False,"{'a': 0.01, 'e': 0.8261686238355866}",20,5,-20.159276342870584,"{0: 11, 1: 1, 2: 3, 3: 0, 4: 0}",1
21,False,"{'a': 0.01, 'e': 0.8179069375972308}",30,0,-243.47937447626038,"{0: 17, 1: 2, 2: 6, 3: 0, 4: 5}",0
22,False,"{'a': 0.01, 'e': 0.8097278682212584}",25,3,-49.95465517669051,"{0: 15, 1: 0, 2: 7, 3: 0, 4: 0}",1
23,False,"{'a': 0.01, 'e': 0.8016305895390459}",20,11,-16.594791196744957,"{0: 5, 1: 3, 2: 1, 3: 0, 4: 0}",1
24,False,"{'a': 0.01, 'e': 0.7936142836436554}",20,0,-51.89905972258673,"{0: 16, 1: 1, 2: 2, 3: 0, 4: 1}",0
25,False,"{'a': 0.01, 'e': 0.7856781408072188}",20,14,-8.878952423603563,"{0: 4, 1: 1, 2: 1, 3: 0, 4: 0}",1
26,False,"{'a': 0.01, 'e': 0.7778213593991467}",25,0,-64.2589283917343,"{0: 19, 1: 1, 2: 4, 3: 0, 4: 1}",0
27,False,"{'a': 0.01, 'e': 0.7700431458051551}",25,0,-20.096899644165486,"{0: 19, 1: 3, 2: 3, 3: 0, 4: 0}",0
28,False,"{'a': 0.01, 'e': 0.7623427143471035}",25,17,-9.404709668711485,"{0: 6, 1: 0, 2: 2, 3: 0, 4: 0}",1
29,False,"{'a': 0.01, 'e': 0.7547192872036326}",20,0,-63.32486520667932,"{0: 13, 1: 1, 2: 5, 3: 1, 4: 0}",0
30,False,"{'a': 0.01, 'e': 0.7471720943315961}",20,0,-92.72119107919094,"{0: 13, 1: 1, 2: 4, 3: 1, 4: 1}",0
31,False,"{'a': 0.01, 'e': 0.7397003733882802}",20,0,-14.585123134711827,"{0: 16, 1: 1, 2: 3, 3: 0, 4: 0}",0
32,False,"{'a': 0.01, 'e': 0.7323033696543975}",30,0,-21.666665746022797,"{0: 24, 1: 1, 2: 5, 3: 0, 4: 0}",0
33,False,"{'a': 0.01, 'e': 0.7249803359578534}",20,14,0.31588048609622144,"{0: 5, 1: 0, 2: 1, 3: 0, 4: 0}",1
34,False,"{'a': 0.01, 'e': 0.7177305325982749}",20,0,-85.05867165241224,"{0: 12, 1: 2, 2: 5, 3: 0, 4: 1}",0
35,False,"{'a': 0.01, 'e': 0.7105532272722921}",30,10,-47.90313940536877,"{0: 16, 1: 0, 2: 3, 3: 0, 4: 1}",1
36,False,"{'a': 0.01, 'e': 0.7034476949995692}",30,0,-97.46081771437096,"{0: 18, 1: 5, 2: 6, 3: 0, 4: 1}",0
37,False,"{'a': 0.01, 'e': 0.6964132180495735}",25,9,-32.884638178562284,"{0: 11, 1: 0, 2: 5, 3: 0, 4: 0}",1
38,False,"{'a': 0.01, 'e': 0.6894490858690777}",35,2,-159.47357891358294,"{0: 25, 1: 1, 2: 3, 3: 0, 4: 4}",1
39,False,"{'a': 0.01, 'e': 0.682554595010387}",20,0,-26.816872008241486,"{0: 15, 1: 2, 2: 3, 3: 0, 4: 0}",0
40,False,"{'a': 0.01, 'e': 0.6757290490602831}",20,0,-4.455730005778846,"{0: 18, 1: 0, 2: 1, 3: 1, 4: 0}",0
41,False,"{'a': 0.01, 'e': 0.6689717585696803}",20,0,-46.61384161149845,"{0: 13, 1: 5, 2: 0, 3: 2, 4: 0}",0
42,False,"{'a': 0.01, 'e': 0.6622820409839835}",25,16,-22.171158184816726,"{0: 6, 1: 0, 2: 3, 3: 0, 4: 0}",1
43,False,"{'a': 0.01, 'e': 0.6556592205741436}",25,0,-53.17365256482382,"{0: 18, 1: 4, 2: 2, 3: 0, 4: 1}",0
44,False,"{'a': 0.01, 'e': 0.6491026283684022}",35,2,-97.94663431497335,"{0: 22, 1: 3, 2: 7, 3: 0, 4: 1}",1
45,False,"{'a': 0.01, 'e': 0.6426116020847181}",25,6,-28.246369683301655,"{0: 16, 1: 1, 2: 1, 3: 0, 4: 1}",1
46,False,"{'a': 0.01, 'e': 0.6361854860638709}",20,11,-11.906385655502973,"{0: 6, 1: 2, 2: 1, 3: 0, 4: 0}",1
47,False,"{'a': 0.01, 'e': 0.6298236312032323}",20,0,-11.748343645130511,"{0: 16, 1: 2, 2: 2, 3: 0, 4: 0}",0
48,False,"{'a': 0.01, 'e': 0.6235253948912}",30,3,-28.10905147781943,"{0: 19, 1: 4, 2: 4, 3: 0, 4: 0}",1
49,False,"{'a': 0.01, 'e': 0.617290140942288}",20,0,-15.00799273535123,"{0: 15, 1: 3, 2: 2, 3: 0, 4: 0}",0
50,False,"{'a': 0.01, 'e': 0.611117239532865}",20,0,-10.475760393803695,"{0: 19, 1: 0, 2: 0, 3: 0, 4: 1}",0
51,False,"{'a': 0.01, 'e': 0.6050060671375364}",20,11,15.133455102293254,"{0: 9, 1: 0, 2: 0, 3: 0, 4: 0}",1
52,False,"{'a': 0.01, 'e': 0.598956006466161}",20,0,-49.977628401258556,"{0: 12, 1: 2, 2: 6, 3: 0, 4: 0}",0
53,False,"{'a': 0.01, 'e': 0.5929664464014994}",30,8,9.70482254276515,"{0: 20, 1: 0, 2: 2, 3: 0, 4: 0}",1
54,False,"{'a': 0.01, 'e': 0.5870367819374844}",25,0,-3.9977201587025286,"{0: 21, 1: 1, 2: 3, 3: 0, 4: 0}",0
55,False,"{'a': 0.01, 'e': 0.5811664141181095}",20,2,-72.4690023657962,"{0: 14, 1: 1, 2: 1, 3: 0, 4: 2}",1
56,False,"{'a': 0.01, 'e': 0.5753547499769285}",25,17,5.814774588722031,"{0: 7, 1: 0, 2: 1, 3: 0, 4: 0}",1
57,False,"{'a': 0.01, 'e': 0.5696012024771592}",20,0,-52.120454933052166,"{0: 16, 1: 1, 2: 1, 3: 1, 4: 1}",0
58,False,"{'a': 0.01, 'e': 0.5639051904523875}",30,6,-84.53470333916485,"{0: 16, 1: 3, 2: 3, 3: 1, 4: 1}",1
59,False,"{'a': 0.01, 'e': 0.5582661385478637}",25,1,-38.28710682143107,"{0: 19, 1: 1, 2: 3, 3: 0, 4: 1}",1
60,False,"{'a': 0.01, 'e': 0.5526834771623851}",30,16,17.34482497597362,"{0: 13, 1: 1, 2: 0, 3: 0, 4: 0}",1
61,False,"{'a': 0.01, 'e': 0.5471566423907612}",20,6,18.626802841082718,"{0: 14, 1: 0, 2: 0, 3: 0, 4: 0}",1
62,False,"{'a': 0.01, 'e': 0.5416850759668536}",25,3,-145.18290409918814,"{0: 12, 1: 1, 2: 6, 3: 1, 4: 2}",1
63,False,"{'a': 0.01, 'e': 0.536268225207185}",20,3,17.793674919940994,"{0: 16, 1: 1, 2: 0, 3: 0, 4: 0}",1
64,False,"{'a': 0.01, 'e': 0.5309055429551132}",25,17,13.746986425124302,"{0: 8, 1: 0, 2: 0, 3: 0, 4: 0}",1
65,False,"{'a': 0.01, 'e': 0.525596487525562}",25,13,-29.439223304256455,"{0: 10, 1: 0, 2: 1, 3: 0, 4: 1}",1
66,False,"{'a': 0.01, 'e': 0.5203405226503064}",30,19,-19.896071356746987,"{0: 10, 1: 0, 2: 0, 3: 0, 4: 1}",1
67,False,"{'a': 0.01, 'e': 0.5151371174238033}",20,0,-8.625281024607059,"{0: 15, 1: 4, 2: 1, 3: 0, 4: 0}",0
68,False,"{'a': 0.01, 'e': 0.5099857462495653}",30,9,-137.28322813997283,"{0: 13, 1: 2, 2: 3, 3: 0, 4: 3}",1
69,False,"{'a': 0.01, 'e': 0.5048858887870696}",30,9,-12.264765712679365,"{0: 17, 1: 2, 2: 1, 3: 1, 4: 0}",1
70,False,"{'a': 0.01, 'e': 0.4998370298991989}",20,3,-20.904533503890413,"{0: 13, 1: 2, 2: 1, 3: 1, 4: 0}",1
71,False,"{'a': 0.01, 'e': 0.49483865960020695}",25,0,-3.522845322529067,"{0: 21, 1: 2, 2: 2, 3: 0, 4: 0}",0
72,False,"{'a': 0.01, 'e': 0.4898902730042049}",20,14,7.907630077118441,"{0: 6, 1: 0, 2: 0, 3: 0, 4: 0}",1
73,False,"{'a': 0.01, 'e': 0.48499137027416284}",25,6,-24.673282105010717,"{0: 13, 1: 3, 2: 3, 3: 0, 4: 0}",1
74,False,"{'a': 0.01, 'e': 0.4801414565714212}",25,8,-4.096304001281526,"{0: 14, 1: 2, 2: 1, 3: 0, 4: 0}",1
75,False,"{'a': 0.01, 'e': 0.47534004200570695}",25,0,-0.38458482127464144,"{0: 21, 1: 1, 2: 3, 3: 0, 4: 0}",0
76,False,"{'a': 0.01, 'e': 0.4705866415856499}",30,3,-29.375895166424716,"{0: 21, 1: 1, 2: 5, 3: 0, 4: 0}",1
77,False,"{'a': 0.01, 'e': 0.46588077516979337}",25,0,-80.71461778475776,"{0: 18, 1: 2, 2: 3, 3: 1, 4: 1}",0
78,False,"{'a': 0.01, 'e': 0.46122196741809546}",20,0,-13.315249717776343,"{0: 16, 1: 1, 2: 3, 3: 0, 4: 0}",0
79,False,"{'a': 0.01, 'e': 0.4566097477439145}",30,0,-65.63854881311494,"{0: 25, 1: 1, 2: 2, 3: 0, 4: 2}",0
80,False,"{'a': 0.01, 'e': 0.45204365026647536}",25,0,-39.838588407440405,"{0: 21, 1: 1, 2: 2, 3: 0, 4: 1}",0
81,False,"{'a': 0.01, 'e': 0.4475232137638106}",30,0,-124.55824710646817,"{0: 23, 1: 2, 2: 1, 3: 1, 4: 3}",0
82,False,"{'a': 0.01, 'e': 0.4430479816261725}",30,15,26.228692792047713,"{0: 15, 1: 0, 2: 0, 3: 0, 4: 0}",1
83,False,"{'a': 0.01, 'e': 0.43861750180991077}",30,12,-20.477150209605885,"{0: 14, 1: 1, 2: 2, 3: 1, 4: 0}",1
84,False,"{'a': 0.01, 'e': 0.43423132679181164}",20,3,-6.18141204438526,"{0: 14, 1: 1, 2: 1, 3: 1, 4: 0}",1
85,False,"{'a': 0.01, 'e': 0.4298890135238935}",30,13,-0.3259581656416124,"{0: 14, 1: 1, 2: 2, 3: 0, 4: 0}",1
86,False,"{'a': 0.01, 'e': 0.4255901233886546}",35,18,28.787455242292218,"{0: 17, 1: 0, 2: 0, 3: 0, 4: 0}",1
87,False,"{'a': 0.01, 'e': 0.421334222154768}",30,13,-46.007151505716095,"{0: 14, 1: 0, 2: 1, 3: 1, 4: 1}",1
88,False,"{'a': 0.01, 'e': 0.41712087993322033}",25,0,-28.721993753422606,"{0: 18, 1: 4, 2: 3, 3: 0, 4: 0}",0
89,False,"{'a': 0.01, 'e': 0.41294967113388814}",20,9,4.794513001596989,"{0: 9, 1: 1, 2: 1, 3: 0, 4: 0}",1
90,False,"{'a': 0.01, 'e': 0.40882017442254925}",20,7,-19.51693426021681,"{0: 12, 1: 0, 2: 0, 3: 0, 4: 1}",1
91,False,"{'a': 0.01, 'e': 0.4047319726783238}",20,0,-28.227015581870717,"{0: 18, 1: 0, 2: 1, 3: 0, 4: 1}",0
92,False,"{'a': 0.01, 'e': 0.40068465295154054}",20,15,10.187019962808103,"{0: 5, 1: 0, 2: 0, 3: 0, 4: 0}",1
93,False,"{'a': 0.01, 'e': 0.3966778064220251}",30,0,-37.60014314441398,"{0: 22, 1: 2, 2: 6, 3: 0, 4: 0}",0
94,False,"{'a': 0.01, 'e': 0.39271102835780486}",25,13,-26.724563529506444,"{0: 10, 1: 0, 2: 1, 3: 0, 4: 1}",1
95,False,"{'a': 0.01, 'e': 0.3887839180742268}",25,6,2.8346456859714015,"{0: 16, 1: 2, 2: 1, 3: 0, 4: 0}",1
96,False,"{'a': 0.01, 'e': 0.38489607889348454}",25,0,8.89861770517698,"{0: 23, 1: 1, 2: 0, 3: 1, 4: 0}",0
97,False,"{'a': 0.01, 'e': 0.38104711810454966}",30,20,12.201797349957133,"{0: 9, 1: 1, 2: 0, 3: 0, 4: 0}",1
98,False,"{'a': 0.01, 'e': 0.37723664692350417}",30,21,2.9460357304730445,"{0: 8, 1: 0, 2: 1, 3: 0, 4: 0}",1
99,False,"{'a': 0.01, 'e': 0.37346428045426916}",25,10,27.025612753714725,"{0: 15, 1: 0, 2: 0, 3: 0, 4: 0}",1
100,False,"{'a': 0.01, 'e': 0.36972963764972644}",30,3,21.189271069030127,"{0: 25, 1: 0, 2: 2, 3: 0, 4: 0}",1
101,False,"{'a': 0.01, 'e': 0.3660323412732292}",20,0,-29.934101109792735,"{0: 15, 1: 1, 2: 3, 3: 1, 4: 0}",0
102,False,"{'a': 0.01, 'e': 0.3623720178604969}",25,0,-62.206448155801326,"{0: 19, 1: 1, 2: 3, 3: 1, 4: 1}",0
103,False,"{'a': 0.01, 'e': 0.3587482976818919}",35,5,28.00255164449138,"{0: 28, 1: 2, 2: 0, 3: 0, 4: 0}",1
104,False,"{'a': 0.01, 'e': 0.355160814705073}",25,2,7.046230998174253,"{0: 20, 1: 1, 2: 2, 3: 0, 4: 0}",1
105,False,"{'a': 0.01, 'e': 0.35160920655802225}",20,0,-30.097116809629732,"{0: 18, 1: 0, 2: 1, 3: 0, 4: 1}",0
106,False,"{'a': 0.01, 'e': 0.348093114492442}",20,0,-36.874324649945684,"{0: 13, 1: 3, 2: 4, 3: 0, 4: 0}",0
107,False,"{'a': 0.01, 'e': 0.3446121833475176}",20,0,-29.482123413085187,"{0: 17, 1: 1, 2: 1, 3: 0, 4: 1}",0
108,False,"{'a': 0.01, 'e': 0.34116606151404244}",20,13,11.689023671793263,"{0: 7, 1: 0, 2: 0, 3: 0, 4: 0}",1
109,False,"{'a': 0.01, 'e': 0.337754400898902}",30,15,-93.82630144435194,"{0: 11, 1: 0, 2: 1, 3: 1, 4: 2}",1
110,False,"{'a': 0.01, 'e': 0.334376856889913}",20,12,13.351025963833772,"{0: 8, 1: 0, 2: 0, 3: 0, 4: 0}",1
111,False,"{'a': 0.01, 'e': 0.33103308832101386}",25,17,5.2264656732288435,"{0: 7, 1: 1, 2: 0, 3: 0, 4: 0}",1
112,False,"{'a': 0.01, 'e': 0.3277227574378037}",25,7,16.79250343024935,"{0: 17, 1: 0, 2: 1, 3: 0, 4: 0}",1
113,False,"{'a': 0.01, 'e': 0.3244455298634257}",25,0,-63.228804436525394,"{0: 19, 1: 0, 2: 5, 3: 0, 4: 1}",0
114,False,"{'a': 0.01, 'e': 0.3212010745647914}",20,2,29.191315050722153,"{0: 18, 1: 0, 2: 0, 3: 0, 4: 0}",1
115,False,"{'a': 0.01, 'e': 0.3179890638191435}",25,8,20.07581098630861,"{0: 16, 1: 0, 2: 1, 3: 0, 4: 0}",1
116,False,"{'a': 0.01, 'e': 0.31480917318095203}",25,0,-68.5956453606944,"{0: 21, 1: 0, 2: 2, 3: 0, 4: 2}",0
117,False,"{'a': 0.01, 'e': 0.3116610814491425}",20,0,6.694244489780323,"{0: 18, 1: 1, 2: 1, 3: 0, 4: 0}",0
118,False,"{'a': 0.01, 'e': 0.30854447063465107}",20,3,24.426418974837595,"{0: 17, 1: 0, 2: 0, 3: 0, 4: 0}",1
119,False,"{'a': 0.01, 'e': 0.3054590259283046}",30,23,11.701623785328952,"{0: 7, 1: 0, 2: 0, 3: 0, 4: 0}",1
120,False,"{'a': 0.01, 'e': 0.30240443566902153}",25,13,6.275604395806365,"{0: 11, 1: 0, 2: 1, 3: 0, 4: 0}",1
121,False,"{'a': 0.01, 'e': 0.2993803913123313}",30,10,-4.499958008218575,"{0: 19, 1: 0, 2: 0, 3: 0, 4: 1}",1
122,False,"{'a': 0.01, 'e': 0.296386587399208}",25,2,-10.112375871945362,"{0: 21, 1: 1, 2: 0, 3: 0, 4: 1}",1
123,False,"{'a': 0.01, 'e': 0.2934227215252159}",20,0,-20.605385911907135,"{0: 16, 1: 1, 2: 2, 3: 1, 4: 0}",0
124,False,"{'a': 0.01, 'e': 0.29048849430996376}",30,13,1.4940811372477227,"{0: 14, 1: 2, 2: 1, 3: 0, 4: 0}",1
125,False,"{'a': 0.01, 'e': 0.2875836093668641}",25,14,11.362597578214569,"{0: 10, 1: 1, 2: 0, 3: 0, 4: 0}",1
126,False,"{'a': 0.01, 'e': 0.28470777327319546}",30,14,-28.035531409381782,"{0: 14, 1: 0, 2: 1, 3: 0, 4: 1}",1
127,False,"{'a': 0.01, 'e': 0.2818606955404635}",25,14,16.575245603224577,"{0: 11, 1: 0, 2: 0, 3: 0, 4: 0}",1
128,False,"{'a': 0.01, 'e': 0.27904208858505886}",25,8,34.662077569116775,"{0: 17, 1: 0, 2: 0, 3: 0, 4: 0}",1
129,False,"{'a': 0.01, 'e': 0.2762516676992083}",25,13,-3.7244861145445682,"{0: 10, 1: 0, 2: 2, 3: 0, 4: 0}",1
130,False,"{'a': 0.01, 'e': 0.2734891510222162}",25,14,3.1257850485778587,"{0: 9, 1: 1, 2: 1, 3: 0, 4: 0}",1
131,False,"{'a': 0.01, 'e': 0.27075425951199406}",20,6,-16.644068268053193,"{0: 11, 1: 1, 2: 1, 3: 1, 4: 0}",1
132,False,"{'a': 0.01, 'e': 0.2680467169168741}",25,10,27.299559594751763,"{0: 15, 1: 0, 2: 0, 3: 0, 4: 0}",1
133,False,"{'a': 0.01, 'e': 0.26536624974770534}",35,13,-25.594594252813526,"{0: 19, 1: 0, 2: 2, 3: 0, 4: 1}",1
134,False,"{'a': 0.01, 'e': 0.2627125872502283}",20,9,9.686222554716032,"{0: 10, 1: 0, 2: 1, 3: 0, 4: 0}",1
135,False,"{'a': 0.01, 'e': 0.26008546137772603}",25,12,22.896110117854143,"{0: 13, 1: 0, 2: 0, 3: 0, 4: 0}",1
136,False,"{'a': 0.01, 'e': 0.25748460676394874}",30,14,-16.562557684398417,"{0: 15, 1: 0, 2: 0, 3: 0, 4: 1}",1
137,False,"{'a': 0.01, 'e': 0.2549097606963093}",20,16,6.720134629814363,"{0: 4, 1: 0, 2: 0, 3: 0, 4: 0}",1
138,False,"{'a': 0.01, 'e': 0.2523606630893462}",25,18,12.14698610576453,"{0: 7, 1: 0, 2: 0, 3: 0, 4: 0}",1
139,False,"{'a': 0.01, 'e': 0.2498370564584527}",20,7,10.854237077977881,"{0: 12, 1: 0, 2: 1, 3: 0, 4: 0}",1
140,False,"{'a': 0.01, 'e': 0.24733868589386818}",25,11,13.243013186646362,"{0: 13, 1: 0, 2: 1, 3: 0, 4: 0}",1
141,False,"{'a': 0.01, 'e': 0.24486529903492948}",25,3,32.15531420798951,"{0: 22, 1: 0, 2: 0, 3: 0, 4: 0}",1
142,False,"{'a': 0.01, 'e': 0.2424166460445802}",20,12,13.015124704775083,"{0: 8, 1: 0, 2: 0, 3: 0, 4: 0}",1
143,False,"{'a': 0.01, 'e': 0.2399924795841344}",20,8,23.146419750590812,"{0: 12, 1: 0, 2: 0, 3: 0, 4: 0}",1
144,False,"{'a': 0.01, 'e': 0.23759255478829303}",30,12,18.8897344137389,"{0: 17, 1: 0, 2: 1, 3: 0, 4: 0}",1
145,False,"{'a': 0.01, 'e': 0.23521662924041012}",30,19,7.935025013712301,"{0: 10, 1: 0, 2: 1, 3: 0, 4: 0}",1
146,False,"{'a': 0.01, 'e': 0.232864462948006}",25,14,-12.073058475097998,"{0: 9, 1: 0, 2: 1, 3: 1, 4: 0}",1
147,False,"{'a': 0.01, 'e': 0.23053581831852593}",20,16,6.160104105997572,"{0: 4, 1: 0, 2: 0, 3: 0, 4: 0}",1
148,False,"{'a': 0.01, 'e': 0.22823046013534068}",20,0,7.001897534780171,"{0: 18, 1: 0, 2: 2, 3: 0, 4: 0}",0
149,False,"{'a': 0.01, 'e': 0.22594815553398728}",35,3,-66.29574286567203,"{0: 27, 1: 1, 2: 2, 3: 0, 4: 2}",1
150,False,"{'a': 0.01, 'e': 0.2236886739786474}",20,10,11.373669141863099,"{0: 9, 1: 0, 2: 1, 3: 0, 4: 0}",1
151,False,"{'a': 0.01, 'e': 0.22145178723886091}",20,7,20.732079070055367,"{0: 13, 1: 0, 2: 0, 3: 0, 4: 0}",1
152,False,"{'a': 0.01, 'e': 0.2192372693664723}",25,0,-45.84835465341095,"{0: 20, 1: 1, 2: 3, 3: 0, 4: 1}",0
153,False,"{'a': 0.01, 'e': 0.21704489667280757}",20,9,-1.2182394517475994,"{0: 10, 1: 0, 2: 0, 3: 1, 4: 0}",1
154,False,"{'a': 0.01, 'e': 0.2148744477060795}",30,12,9.048996711122376,"{0: 16, 1: 0, 2: 2, 3: 0, 4: 0}",1
155,False,"{'a': 0.01, 'e': 0.2127257032290187}",20,3,28.28878774813547,"{0: 17, 1: 0, 2: 0, 3: 0, 4: 0}",1
156,False,"{'a': 0.01, 'e': 0.21059844619672852}",20,5,23.368022269980173,"{0: 15, 1: 0, 2: 0, 3: 0, 4: 0}",1
157,False,"{'a': 0.01, 'e': 0.20849246173476124}",30,6,8.144592775865437,"{0: 21, 1: 1, 2: 2, 3: 0, 4: 0}",1
158,False,"{'a': 0.01, 'e': 0.2064075371174136}",25,13,12.359183233443277,"{0: 11, 1: 0, 2: 1, 3: 0, 4: 0}",1
159,False,"{'a': 0.01, 'e': 0.2043434617462395}",25,4,-90.07607415786887,"{0: 18, 1: 0, 2: 0, 3: 0, 4: 3}",1
160,False,"{'a': 0.01, 'e': 0.2023000271287771}",20,9,-24.29924748096988,"{0: 10, 1: 0, 2: 0, 3: 0, 4: 1}",1
161,False,"{'a': 0.01, 'e': 0.2002770268574893}",25,17,13.462682543656609,"{0: 8, 1: 0, 2: 0, 3: 0, 4: 0}",1
162,False,"{'a': 0.01, 'e': 0.19827425658891443}",25,1,32.534964961134094,"{0: 23, 1: 1, 2: 0, 3: 0, 4: 0}",1
163,False,"{'a': 0.01, 'e': 0.19629151402302528}",20,6,22.009517823587412,"{0: 14, 1: 0, 2: 0, 3: 0, 4: 0}",1
164,False,"{'a': 0.01, 'e': 0.19432859888279502}",30,15,12.736805552179009,"{0: 13, 1: 2, 2: 0, 3: 0, 4: 0}",1
165,False,"{'a': 0.01, 'e': 0.19238531289396707}",20,5,15.86630844905578,"{0: 14, 1: 0, 2: 1, 3: 0, 4: 0}",1
166,False,"{'a': 0.01, 'e': 0.1904614597650274}",30,18,8.484370363403881,"{0: 11, 1: 0, 2: 1, 3: 0, 4: 0}",1
167,False,"{'a': 0.01, 'e': 0.1885568451673771}",35,8,14.963775449858375,"{0: 25, 1: 0, 2: 2, 3: 0, 4: 0}",1
168,False,"{'a': 0.01, 'e': 0.18667127671570335}",20,16,8.177654073424412,"{0: 4, 1: 0, 2: 0, 3: 0, 4: 0}",1
169,False,"{'a': 0.01, 'e': 0.1848045639485463}",20,10,7.218229004177502,"{0: 9, 1: 0, 2: 1, 3: 0, 4: 0}",1
170,False,"{'a': 0.01, 'e': 0.18295651830906084}",20,0,-12.499293651441134,"{0: 17, 1: 0, 2: 2, 3: 1, 4: 0}",0
171,False,"{'a': 0.01, 'e': 0.18112695312597024}",25,10,19.70414096346256,"{0: 14, 1: 1, 2: 0, 3: 0, 4: 0}",1
172,False,"{'a': 0.01, 'e': 0.17931568359471053}",25,14,18.92891485271297,"{0: 11, 1: 0, 2: 0, 3: 0, 4: 0}",1
173,False,"{'a': 0.01, 'e': 0.17752252675876343}",20,0,-38.404601260025146,"{0: 18, 1: 0, 2: 0, 3: 1, 4: 1}",0
174,False,"{'a': 0.01, 'e': 0.1757473014911758}",30,6,20.53152319184406,"{0: 22, 1: 1, 2: 1, 3: 0, 4: 0}",1
175,False,"{'a': 0.01, 'e': 0.173989828476264}",20,4,24.90553780386689,"{0: 16, 1: 0, 2: 0, 3: 0, 4: 0}",1
176,False,"{'a': 0.01, 'e': 0.1722499301915014}",30,16,21.014163661314598,"{0: 14, 1: 0, 2: 0, 3: 0, 4: 0}",1
177,False,"{'a': 0.01, 'e': 0.17052743088958636}",25,11,26.121238264304246,"{0: 14, 1: 0, 2: 0, 3: 0, 4: 0}",1
178,False,"{'a': 0.01, 'e': 0.1688221565806905}",20,6,19.564666468617766,"{0: 13, 1: 1, 2: 0, 3: 0, 4: 0}",1
179,False,"{'a': 0.01, 'e': 0.1671339350148836}",20,16,9.102680340560081,"{0: 4, 1: 0, 2: 0, 3: 0, 4: 0}",1
180,False,"{'a': 0.01, 'e': 0.16546259566473476}",25,5,28.54809740549623,"{0: 19, 1: 0, 2: 1, 3: 0, 4: 0}",1
181,False,"{'a': 0.01, 'e': 0.16380796970808742}",25,15,-22.79002057532641,"{0: 9, 1: 0, 2: 0, 3: 0, 4: 1}",1
182,False,"{'a': 0.01, 'e': 0.16216989001100654}",30,11,5.81674842822115,"{0: 16, 1: 2, 2: 1, 3: 0, 4: 0}",1
183,False,"{'a': 0.01, 'e': 0.16054819111089647}",35,5,35.64874479301253,"{0: 29, 1: 0, 2: 1, 3: 0, 4: 0}",1
184,False,"{'a': 0.01, 'e': 0.1589427091997875}",20,4,18.32217075641093,"{0: 15, 1: 0, 2: 1, 3: 0, 4: 0}",1
185,False,"{'a': 0.01, 'e': 0.15735328210778962}",20,0,6.037360739857674,"{0: 17, 1: 2, 2: 1, 3: 0, 4: 0}",0
186,False,"{'a': 0.01, 'e': 0.15577974928671173}",25,20,8.252323414211396,"{0: 5, 1: 0, 2: 0, 3: 0, 4: 0}",1
187,False,"{'a': 0.01, 'e': 0.1542219517938446}",30,10,41.51299516044481,"{0: 20, 1: 0, 2: 0, 3: 0, 4: 0}",1
188,False,"{'a': 0.01, 'e': 0.15267973227590617}",25,10,6.381606248845945,"{0: 14, 1: 0, 2: 1, 3: 0, 4: 0}",1
189,False,"{'a': 0.01, 'e': 0.1511529349531471}",25,11,8.16721246502918,"{0: 13, 1: 0, 2: 1, 3: 0, 4: 0}",1
190,False,"{'a': 0.01, 'e': 0.14964140560361563}",25,16,17.651015188465564,"{0: 9, 1: 0, 2: 0, 3: 0, 4: 0}",1
191,False,"{'a': 0.01, 'e': 0.14814499154757946}",25,13,20.548197435662054,"{0: 12, 1: 0, 2: 0, 3: 0, 4: 0}",1
192,False,"{'a': 0.01, 'e': 0.14666354163210368}",20,12,15.678956253200957,"{0: 8, 1: 0, 2: 0, 3: 0, 4: 0}",1
193,False,"{'a': 0.01, 'e': 0.14519690621578263}",20,14,10.448653524403857,"{0: 6, 1: 0, 2: 0, 3: 0, 4: 0}",1
194,False,"{'a': 0.01, 'e': 0.1437449371536248}",25,16,-1.6976351438873638,"{0: 7, 1: 1, 2: 1, 3: 0, 4: 0}",1
195,False,"{'a': 0.01, 'e': 0.14230748778208857}",25,6,13.665482940689593,"{0: 18, 1: 0, 2: 1, 3: 0, 4: 0}",1
196,False,"{'a': 0.01, 'e': 0.14088441290426768}",20,0,29.038780818595782,"{0: 20, 1: 0, 2: 0, 3: 0, 4: 0}",0
197,False,"{'a': 0.01, 'e': 0.139475568775225}",25,19,10.272641605215792,"{0: 6, 1: 0, 2: 0, 3: 0, 4: 0}",1
198,False,"{'a': 0.01, 'e': 0.13808081308747275}",20,4,29.527324832215925,"{0: 16, 1: 0, 2: 0, 3: 0, 4: 0}",1
199,False,"{'a': 0.01, 'e': 0.136700004956598}",20,14,9.64105519091038,"{0: 6, 1: 0, 2: 0, 3: 0, 4: 0}",1
200,False,"{'a': 0.01, 'e': 0.13533300490703204}",30,18,22.304615720971395,"{0: 12, 1: 0, 2: 0, 3: 0, 4: 0}",1
201,False,"{'a': 0.01, 'e': 0.13397967485796172}",20,9,18.12178989133522,"{0: 11, 1: 0, 2: 0, 3: 0, 4: 0}",1
202,False,"{'a': 0.01, 'e': 0.1326398781093821}",25,11,26.010405720748444,"{0: 14, 1: 0, 2: 0, 3: 0, 4: 0}",1
203,False,"{'a': 0.01, 'e': 0.13131347932828827}",25,15,20.49954486400513,"{0: 10, 1: 0, 2: 0, 3: 0, 4: 0}",1
204,False,"{'a': 0.01, 'e': 0.1300003445350054}",25,6,32.15184756469823,"{0: 19, 1: 0, 2: 0, 3: 0, 4: 0}",1
205,False,"{'a': 0.01, 'e': 0.12870034108965533}",20,10,4.057421817679273,"{0: 9, 1: 0, 2: 1, 3: 0, 4: 0}",1
206,False,"{'a': 0.01, 'e': 0.1274133376787588}",30,13,5.0557972259234765,"{0: 15, 1: 0, 2: 2, 3: 0, 4: 0}",1
207,False,"{'a': 0.01, 'e': 0.12613920430197118}",25,7,18.542931872198405,"{0: 17, 1: 0, 2: 1, 3: 0, 4: 0}",1
208,False,"{'a': 0.01, 'e': 0.12487781225895148}",20,14,8.927320632176587,"{0: 6, 1: 0, 2: 0, 3: 0, 4: 0}",1
209,False,"{'a': 0.01, 'e': 0.12362903413636196}",25,0,-62.60940678955607,"{0: 19, 1: 1, 2: 3, 3: 1, 4: 1}",0
210,False,"{'a': 0.01, 'e': 0.12239274379499834}",30,11,23.809692804892876,"{0: 18, 1: 1, 2: 0, 3: 0, 4: 0}",1
211,False,"{'a': 0.01, 'e': 0.12116881635704835}",30,21,16.046987446667167,"{0: 9, 1: 0, 2: 0, 3: 0, 4: 0}",1
212,False,"{'a': 0.01, 'e': 0.11995712819347787}",20,1,28.113627102408167,"{0: 19, 1: 0, 2: 0, 3: 0, 4: 0}",1
213,False,"{'a': 0.01, 'e': 0.11875755691154309}",20,8,10.993208012092722,"{0: 11, 1: 0, 2: 1, 3: 0, 4: 0}",1
214,False,"{'a': 0.01, 'e': 0.11756998134242766}",25,16,15.386116677790326,"{0: 9, 1: 0, 2: 0, 3: 0, 4: 0}",1
215,False,"{'a': 0.01, 'e': 0.11639428152900338}",30,4,42.90118668894032,"{0: 26, 1: 0, 2: 0, 3: 0, 4: 0}",1
216,False,"{'a': 0.01, 'e': 0.11523033871371334}",30,7,33.278129545045225,"{0: 22, 1: 1, 2: 0, 3: 0, 4: 0}",1
217,False,"{'a': 0.01, 'e': 0.1140780353265762}",35,18,-26.94623182196774,"{0: 14, 1: 1, 2: 1, 3: 0, 4: 1}",1
218,False,"{'a': 0.01, 'e': 0.11293725497331045}",25,7,2.4858162684275715,"{0: 15, 1: 2, 2: 1, 3: 0, 4: 0}",1
219,False,"{'a': 0.01, 'e': 0.11180788242357734}",25,12,24.84492391453187,"{0: 13, 1: 0, 2: 0, 3: 0, 4: 0}",1
220,False,"{'a': 0.01, 'e': 0.11068980359934157}",25,7,18.364622589079683,"{0: 17, 1: 0, 2: 1, 3: 0, 4: 0}",1
221,False,"{'a': 0.01, 'e': 0.10958290556334815}",20,7,10.271168014905763,"{0: 12, 1: 0, 2: 1, 3: 0, 4: 0}",1
222,False,"{'a': 0.01, 'e': 0.10848707650771466}",20,2,-13.247718875745155,"{0: 17, 1: 0, 2: 0, 3: 0, 4: 1}",1
223,False,"{'a': 0.01, 'e': 0.10740220574263752}",25,8,-21.97156682403585,"{0: 15, 1: 1, 2: 0, 3: 0, 4: 1}",1
224,False,"{'a': 0.01, 'e': 0.10632818368521114}",20,8,18.464223031176687,"{0: 12, 1: 0, 2: 0, 3: 0, 4: 0}",1
225,False,"{'a': 0.01, 'e': 0.10526490184835903}",20,6,10.269038457446221,"{0: 13, 1: 0, 2: 1, 3: 0, 4: 0}",1
226,False,"{'a': 0.01, 'e': 0.10421225282987544}",35,9,40.42223597319783,"{0: 26, 1: 0, 2: 0, 3: 0, 4: 0}",1
227,False,"{'a': 0.01, 'e': 0.10317013030157669}",30,16,18.469184146816087,"{0: 13, 1: 1, 2: 0, 3: 0, 4: 0}",1
228,False,"{'a': 0.01, 'e': 0.10213842899856092}",20,0,19.09268060132066,"{0: 18, 1: 1, 2: 1, 3: 0, 4: 0}",0
229,False,"{'a': 0.01, 'e': 0.10111704470857531}",25,9,28.236503683448447,"{0: 16, 1: 0, 2: 0, 3: 0, 4: 0}",1
230,False,"{'a': 0.01, 'e': 0.10010587426148955}",25,5,30.92835709587175,"{0: 20, 1: 0, 2: 0, 3: 0, 4: 0}",1
231,False,"{'a': 0.01, 'e': 0.09910481551887466}",30,16,20.530391309360354,"{0: 14, 1: 0, 2: 0, 3: 0, 4: 0}",1
232,False,"{'a': 0.01, 'e': 0.0981137673636859}",35,25,9.53674767142493,"{0: 9, 1: 1, 2: 0, 3: 0, 4: 0}",1
233,False,"{'a': 0.01, 'e': 0.09713262969004904}",20,10,18.943973206293638,"{0: 10, 1: 0, 2: 0, 3: 0, 4: 0}",1
234,False,"{'a': 0.01, 'e': 0.09616130339314856}",25,13,21.62630303055982,"{0: 12, 1: 0, 2: 0, 3: 0, 4: 0}",1
235,False,"{'a': 0.01, 'e': 0.09519969035921708}",20,9,21.602946128213773,"{0: 11, 1: 0, 2: 0, 3: 0, 4: 0}",1
236,False,"{'a': 0.01, 'e': 0.0942476934556249}",25,12,4.623110369348253,"{0: 11, 1: 1, 2: 1, 3: 0, 4: 0}",1
237,False,"{'a': 0.01, 'e': 0.09330521652106866}",30,8,32.21076524304483,"{0: 21, 1: 1, 2: 0, 3: 0, 4: 0}",1
238,False,"{'a': 0.01, 'e': 0.09237216435585796}",25,0,26.541448797681692,"{0: 24, 1: 0, 2: 1, 3: 0, 4: 0}",0
239,False,"{'a': 0.01, 'e': 0.09144844271229938}",20,0,29.95205732583724,"{0: 20, 1: 0, 2: 0, 3: 0, 4: 0}",0
240,False,"{'a': 0.01, 'e': 0.0905339582851764}",20,10,22.069665760973407,"{0: 10, 1: 0, 2: 0, 3: 0, 4: 0}",1
241,False,"{'a': 0.01, 'e': 0.08962861870232462}",30,16,2.051285197968582,"{0: 12, 1: 0, 2: 2, 3: 0, 4: 0}",1
242,False,"{'a': 0.01, 'e': 0.08873233251530138}",25,8,0.5587749894794005,"{0: 14, 1: 1, 2: 2, 3: 0, 4: 0}",1
243,False,"{'a': 0.01, 'e': 0.08784500919014836}",20,0,38.73249384362302,"{0: 20, 1: 0, 2: 0, 3: 0, 4: 0}",0
244,False,"{'a': 0.01, 'e': 0.08696655909824688}",20,0,26.68132171047044,"{0: 20, 1: 0, 2: 0, 3: 0, 4: 0}",0
245,False,"{'a': 0.01, 'e': 0.0860968935072644}",20,7,9.088656086838395,"{0: 12, 1: 0, 2: 1, 3: 0, 4: 0}",1
246,False,"{'a': 0.01, 'e': 0.08523592457219176}",20,13,12.99740283090327,"{0: 7, 1: 0, 2: 0, 3: 0, 4: 0}",1
247,False,"{'a': 0.01, 'e': 0.08438356532646984}",25,14,22.062345060363,"{0: 11, 1: 0, 2: 0, 3: 0, 4: 0}",1
248,False,"{'a': 0.01, 'e': 0.08353972967320515}",30,21,16.57054391868302,"{0: 9, 1: 0, 2: 0, 3: 0, 4: 0}",1
249,False,"{'a': 0.01, 'e': 0.0827043323764731}",25,8,31.38697550879762,"{0: 17, 1: 0, 2: 0, 3: 0, 4: 0}",1
250,False,"{'a': 0.01, 'e': 0.08187728905270836}",20,9,19.538961957652404,"{0: 11, 1: 0, 2: 0, 3: 0, 4: 0}",1
251,False,"{'a': 0.01, 'e': 0.08105851616218128}",20,11,17.077549948296024,"{0: 9, 1: 0, 2: 0, 3: 0, 4: 0}",1
252,False,"{'a': 0.01, 'e': 0.08024793100055946}",20,16,9.426672026222615,"{0: 4, 1: 0, 2: 0, 3: 0, 4: 0}",1
253,False,"{'a': 0.01, 'e': 0.07944545169055386}",25,13,21.583934904426496,"{0: 12, 1: 0, 2: 0, 3: 0, 4: 0}",1
254,False,"{'a': 0.01, 'e': 0.07865099717364833}",30,0,47.51863657397389,"{0: 30, 1: 0, 2: 0, 3: 0, 4: 0}",0
255,False,"{'a': 0.01, 'e': 0.07786448720191184}",25,16,17.95321787549264,"{0: 9, 1: 0, 2: 0, 3: 0, 4: 0}",1
256,False,"{'a': 0.01, 'e': 0.07708584232989273}",20,11,17.342375547812264,"{0: 9, 1: 0, 2: 0, 3: 0, 4: 0}",1
257,False,"{'a': 0.01, 'e': 0.0763149839065938}",30,3,39.593753933477494,"{0: 26, 1: 1, 2: 0, 3: 0, 4: 0}",1
258,False,"{'a': 0.01, 'e': 0.07555183406752786}",30,13,29.432197393993103,"{0: 17, 1: 0, 2: 0, 3: 0, 4: 0}",1
259,False,"{'a': 0.01, 'e': 0.07479631572685258}",20,14,13.457199896296135,"{0: 6, 1: 0, 2: 0, 3: 0, 4: 0}",1
260,False,"{'a': 0.01, 'e': 0.07404835256958406}",20,12,1.920151941736373,"{0: 7, 1: 0, 2: 1, 3: 0, 4: 0}",1
261,False,"{'a': 0.01, 'e': 0.07330786904388821}",25,20,8.75462348268046,"{0: 5, 1: 0, 2: 0, 3: 0, 4: 0}",1
262,False,"{'a': 0.01, 'e': 0.07257479035344933}",25,20,11.72681283054343,"{0: 5, 1: 0, 2: 0, 3: 0, 4: 0}",1
263,False,"{'a': 0.01, 'e': 0.07184904244991483}",30,20,17.489747775079838,"{0: 10, 1: 0, 2: 0, 3: 0, 4: 0}",1
264,False,"{'a': 0.01, 'e': 0.07113055202541568}",25,9,31.453100066838225,"{0: 16, 1: 0, 2: 0, 3: 0, 4: 0}",1
265,False,"{'a': 0.01, 'e': 0.07041924650516153}",20,8,17.65885917408427,"{0: 11, 1: 1, 2: 0, 3: 0, 4: 0}",1
266,False,"{'a': 0.01, 'e': 0.06971505404010991}",25,7,34.001235611996414,"{0: 18, 1: 0, 2: 0, 3: 0, 4: 0}",1
267,False,"{'a': 0.01, 'e': 0.06901790349970881}",25,17,12.347926670643208,"{0: 8, 1: 0, 2: 0, 3: 0, 4: 0}",1
268,False,"{'a': 0.01, 'e': 0.06832772446471172}",30,10,-17.529963746417025,"{0: 18, 1: 0, 2: 1, 3: 0, 4: 1}",1
269,False,"{'a': 0.01, 'e': 0.0676444472200646}",20,15,10.113797138050863,"{0: 5, 1: 0, 2: 0, 3: 0, 4: 0}",1
270,False,"{'a': 0.01, 'e': 0.06696800274786396}",30,13,27.78558611857065,"{0: 17, 1: 0, 2: 0, 3: 0, 4: 0}",1
271,False,"{'a': 0.01, 'e': 0.06629832272038531}",20,15,7.848219463744812,"{0: 5, 1: 0, 2: 0, 3: 0, 4: 0}",1
272,False,"{'a': 0.01, 'e': 0.06563533949318147}",20,11,19.194850426065237,"{0: 9, 1: 0, 2: 0, 3: 0, 4: 0}",1
273,False,"{'a': 0.01, 'e': 0.06497898609824965}",20,9,17.822291003453202,"{0: 11, 1: 0, 2: 0, 3: 0, 4: 0}",1
274,False,"{'a': 0.01, 'e': 0.06432919623726716}",30,14,10.669988180178303,"{0: 14, 1: 1, 2: 1, 3: 0, 4: 0}",1
275,False,"{'a': 0.01, 'e': 0.06368590427489448}",35,17,32.610188366628435,"{0: 18, 1: 0, 2: 0, 3: 0, 4: 0}",1
276,False,"{'a': 0.01, 'e': 0.06304904523214554}",20,0,27.502873266093232,"{0: 20, 1: 0, 2: 0, 3: 0, 4: 0}",0
277,False,"{'a': 0.01, 'e': 0.06241855477982408}",25,15,17.15460678236194,"{0: 10, 1: 0, 2: 0, 3: 0, 4: 0}",1
278,False,"{'a': 0.01, 'e': 0.06179436923202584}",20,14,12.245468271085661,"{0: 6, 1: 0, 2: 0, 3: 0, 4: 0}",1
279,False,"{'a': 0.01, 'e': 0.06117642553970558}",20,10,17.723777123059413,"{0: 10, 1: 0, 2: 0, 3: 0, 4: 0}",1
280,False,"{'a': 0.01, 'e': 0.06056466128430853}",20,0,35.440489432730395,"{0: 20, 1: 0, 2: 0, 3: 0, 4: 0}",0
281,False,"{'a': 0.01, 'e': 0.05995901467146544}",25,11,23.8158076347659,"{0: 14, 1: 0, 2: 0, 3: 0, 4: 0}",1
282,False,"{'a': 0.01, 'e': 0.059359424524750785}",25,19,8.676958183307658,"{0: 6, 1: 0, 2: 0, 3: 0, 4: 0}",1
283,False,"{'a': 0.01, 'e': 0.05876583027950327}",25,0,42.08394222449692,"{0: 25, 1: 0, 2: 0, 3: 0, 4: 0}",0
284,False,"{'a': 0.01, 'e': 0.05817817197670824}",20,2,27.720580226239615,"{0: 18, 1: 0, 2: 0, 3: 0, 4: 0}",1
285,False,"{'a': 0.01, 'e': 0.05759639025694116}",25,1,40.280358626589276,"{0: 24, 1: 0, 2: 0, 3: 0, 4: 0}",1
286,False,"{'a': 0.01, 'e': 0.057020426354371746}",35,19,27.148144888356228,"{0: 16, 1: 0, 2: 0, 3: 0, 4: 0}",1
287,False,"{'a': 0.01, 'e': 0.05645022209082803}",35,11,38.61212601524494,"{0: 24, 1: 0, 2: 0, 3: 0, 4: 0}",1
288,False,"{'a': 0.01, 'e': 0.05588571986991975}",35,24,18.48338364528528,"{0: 11, 1: 0, 2: 0, 3: 0, 4: 0}",1
289,False,"{'a': 0.01, 'e': 0.05532686267122055}",25,18,14.53019015681113,"{0: 7, 1: 0, 2: 0, 3: 0, 4: 0}",1
290,False,"{'a': 0.01, 'e': 0.05477359404450834}",30,13,33.89405067607392,"{0: 17, 1: 0, 2: 0, 3: 0, 4: 0}",1
291,False,"{'a': 0.01, 'e': 0.05422585810406326}",30,10,29.438988981284012,"{0: 20, 1: 0, 2: 0, 3: 0, 4: 0}",1
292,False,"{'a': 0.01, 'e': 0.05368359952302263}",25,1,21.513825429639834,"{0: 23, 1: 0, 2: 1, 3: 0, 4: 0}",1
293,False,"{'a': 0.01, 'e': 0.0531467635277924}",25,15,19.062692349913533,"{0: 10, 1: 0, 2: 0, 3: 0, 4: 0}",1
294,False,"{'a': 0.01, 'e': 0.05261529589251448}",25,11,27.812879395799918,"{0: 14, 1: 0, 2: 0, 3: 0, 4: 0}",1
295,False,"{'a': 0.01, 'e': 0.05208914293358933}",20,1,22.315735397422724,"{0: 18, 1: 0, 2: 1, 3: 0, 4: 0}",1
296,False,"{'a': 0.01, 'e': 0.05156825150425344}",20,13,12.969395594617763,"{0: 7, 1: 0, 2: 0, 3: 0, 4: 0}",1
297,False,"{'a': 0.01, 'e': 0.0510525689892109}",20,5,7.381246084215562,"{0: 13, 1: 0, 2: 2, 3: 0, 4: 0}",1
298,False,"{'a': 0.01, 'e': 0.050542043299318794}",20,12,16.009154582740923,"{0: 8, 1: 0, 2: 0, 3: 0, 4: 0}",1
299,False,"{'a': 0.01, 'e': 0.050036622866325604}",20,7,18.709691532528765,"{0: 12, 1: 1, 2: 0, 3: 0, 4: 0}",1
300,False,"{'a': 0.01, 'e': 0.04953625663766235}",30,16,9.445762452220658,"{0: 13, 1: 0, 2: 1, 3: 0, 4: 0}",1
301,False,"{'a': 0.01, 'e': 0.04904089407128572}",20,10,16.356294478607865,"{0: 10, 1: 0, 2: 0, 3: 0, 4: 0}",1
302,False,"{'a': 0.01, 'e': 0.04855048513057287}",20,7,23.727602799146958,"{0: 13, 1: 0, 2: 0, 3: 0, 4: 0}",1
303,False,"{'a': 0.01, 'e': 0.04806498027926714}",35,25,16.8065258966989,"{0: 10, 1: 0, 2: 0, 3: 0, 4: 0}",1
304,False,"{'a': 0.01, 'e': 0.047584330476474465}",20,0,25.17211021873383,"{0: 20, 1: 0, 2: 0, 3: 0, 4: 0}",0
305,False,"{'a': 0.01, 'e': 0.04710848717170972}",35,26,13.856396194811456,"{0: 9, 1: 0, 2: 0, 3: 0, 4: 0}",1
306,False,"{'a': 0.01, 'e': 0.04663740229999262}",20,13,14.396042822825052,"{0: 7, 1: 0, 2: 0, 3: 0, 4: 0}",1
307,False,"{'a': 0.01, 'e': 0.046171028276992696}",20,16,5.969393616384277,"{0: 4, 1: 0, 2: 0, 3: 0, 4: 0}",1
308,False,"{'a': 0.01, 'e': 0.045709317994222766}",20,0,-16.2391218853609,"{0: 19, 1: 0, 2: 0, 3: 0, 4: 1}",0
309,False,"{'a': 0.01, 'e': 0.04525222481428054}",25,7,32.263225469948004,"{0: 18, 1: 0, 2: 0, 3: 0, 4: 0}",1
310,False,"{'a': 0.01, 'e': 0.04479970256613774}",25,0,37.8729675656144,"{0: 25, 1: 0, 2: 0, 3: 0, 4: 0}",0
311,False,"{'a': 0.01, 'e': 0.044351705540476356}",20,11,4.448994293432405,"{0: 8, 1: 0, 2: 1, 3: 0, 4: 0}",1
312,False,"{'a': 0.01, 'e': 0.043908188485071595}",25,12,23.092760137447012,"{0: 13, 1: 0, 2: 0, 3: 0, 4: 0}",1
313,False,"{'a': 0.01, 'e': 0.04346910660022087}",30,16,13.532898181037103,"{0: 13, 1: 0, 2: 1, 3: 0, 4: 0}",1
314,False,"{'a': 0.01, 'e': 0.04303441553421867}",35,15,36.781422497231,"{0: 20, 1: 0, 2: 0, 3: 0, 4: 0}",1
315,False,"{'a': 0.01, 'e': 0.04260407137887648}",20,14,13.460826634234223,"{0: 6, 1: 0, 2: 0, 3: 0, 4: 0}",1
316,False,"{'a': 0.01, 'e': 0.04217803066508771}",25,11,21.30077920633952,"{0: 14, 1: 0, 2: 0, 3: 0, 4: 0}",1
317,False,"{'a': 0.01, 'e': 0.04175625035843684}",25,2,37.39029508806019,"{0: 23, 1: 0, 2: 0, 3: 0, 4: 0}",1
318,False,"{'a': 0.01, 'e': 0.041338687854852466}",20,16,8.205508588275848,"{0: 4, 1: 0, 2: 0, 3: 0, 4: 0}",1
319,False,"{'a': 0.01, 'e': 0.040925300976303945}",20,10,5.693236210033062,"{0: 9, 1: 0, 2: 1, 3: 0, 4: 0}",1
320,False,"{'a': 0.01, 'e': 0.0405160479665409}",25,19,10.972399253802566,"{0: 6, 1: 0, 2: 0, 3: 0, 4: 0}",1
321,False,"{'a': 0.01, 'e': 0.040110887486875496}",20,0,9.248931431807536,"{0: 18, 1: 0, 2: 2, 3: 0, 4: 0}",0
322,False,"{'a': 0.01, 'e': 0.03970977861200674}",20,0,26.479739390714652,"{0: 20, 1: 0, 2: 0, 3: 0, 4: 0}",0
323,False,"{'a': 0.01, 'e': 0.039312680825886674}",20,10,21.435167089781952,"{0: 10, 1: 0, 2: 0, 3: 0, 4: 0}",1
324,False,"{'a': 0.01, 'e': 0.038919554017627804}",20,0,27.939494439453068,"{0: 20, 1: 0, 2: 0, 3: 0, 4: 0}",0
325,False,"{'a': 0.01, 'e': 0.03853035847745152}",20,12,-25.838689032930905,"{0: 7, 1: 0, 2: 0, 3: 0, 4: 1}",1
326,False,"{'a': 0.01, 'e': 0.03814505489267701}",25,8,23.377368454614462,"{0: 16, 1: 1, 2: 0, 3: 0, 4: 0}",1
327,False,"{'a': 0.01, 'e': 0.03776360434375024}",30,13,27.563655669153004,"{0: 16, 1: 1, 2: 0, 3: 0, 4: 0}",1
328,False,"{'a': 0.01, 'e': 0.03738596830031274}",20,7,21.26403487498425,"{0: 13, 1: 0, 2: 0, 3: 0, 4: 0}",1
329,False,"{'a': 0.01, 'e': 0.03701210861730961}",20,10,14.411233250515712,"{0: 9, 1: 1, 2: 0, 3: 0, 4: 0}",1
330,False,"{'a': 0.01, 'e': 0.03664198753113651}",30,13,30.591592567372768,"{0: 17, 1: 0, 2: 0, 3: 0, 4: 0}",1
331,False,"{'a': 0.01, 'e': 0.036275567655825146}",30,23,11.89477160499636,"{0: 7, 1: 0, 2: 0, 3: 0, 4: 0}",1
332,False,"{'a': 0.01, 'e': 0.03591281197926689}",20,15,9.23783788621055,"{0: 5, 1: 0, 2: 0, 3: 0, 4: 0}",1
333,False,"{'a': 0.01, 'e': 0.035553683859474224}",30,18,22.72843634209537,"{0: 12, 1: 0, 2: 0, 3: 0, 4: 0}",1
334,False,"{'a': 0.01, 'e': 0.035198147020879485}",25,13,19.78235774039268,"{0: 12, 1: 0, 2: 0, 3: 0, 4: 0}",1
335,False,"{'a': 0.01, 'e': 0.03484616555067069}",25,20,12.33837513345626,"{0: 5, 1: 0, 2: 0, 3: 0, 4: 0}",1
336,False,"{'a': 0.01, 'e': 0.03449770389516398}",30,21,14.57827004140115,"{0: 9, 1: 0, 2: 0, 3: 0, 4: 0}",1
337,False,"{'a': 0.01, 'e': 0.03415272685621234}",25,10,26.884816905082193,"{0: 15, 1: 0, 2: 0, 3: 0, 4: 0}",1
338,False,"{'a': 0.01, 'e': 0.03381119958765022}",25,8,33.58376659146151,"{0: 17, 1: 0, 2: 0, 3: 0, 4: 0}",1
339,False,"{'a': 0.01, 'e': 0.03347308759177372}",30,11,36.960170239920096,"{0: 19, 1: 0, 2: 0, 3: 0, 4: 0}",1
340,False,"{'a': 0.01, 'e': 0.03313835671585598}",25,6,38.082282249819805,"{0: 19, 1: 0, 2: 0, 3: 0, 4: 0}",1
341,False,"{'a': 0.01, 'e': 0.03280697314869742}",20,3,26.057920344461984,"{0: 17, 1: 0, 2: 0, 3: 0, 4: 0}",1
342,False,"{'a': 0.01, 'e': 0.03247890341721044}",20,8,23.738063609798125,"{0: 12, 1: 0, 2: 0, 3: 0, 4: 0}",1
343,False,"{'a': 0.01, 'e': 0.03215411438303834}",30,5,43.25350999712179,"{0: 25, 1: 0, 2: 0, 3: 0, 4: 0}",1
344,False,"{'a': 0.01, 'e': 0.031832573239207955}",30,16,23.70082403276595,"{0: 14, 1: 0, 2: 0, 3: 0, 4: 0}",1
345,False,"{'a': 0.01, 'e': 0.031514247506815876}",35,19,27.08195350410219,"{0: 16, 1: 0, 2: 0, 3: 0, 4: 0}",1
346,False,"{'a': 0.01, 'e': 0.031199105031747717}",25,11,27.30450544675209,"{0: 14, 1: 0, 2: 0, 3: 0, 4: 0}",1
347,False,"{'a': 0.01, 'e': 0.03088711398143024}",25,20,9.081178061691741,"{0: 5, 1: 0, 2: 0, 3: 0, 4: 0}",1
348,False,"{'a': 0.01, 'e': 0.030578242841615935}",30,18,21.862818410164383,"{0: 12, 1: 0, 2: 0, 3: 0, 4: 0}",1
349,False,"{'a': 0.01, 'e': 0.030272460413199778}",25,12,17.61214922711204,"{0: 13, 1: 0, 2: 0, 3: 0, 4: 0}",1
350,False,"{'a': 0.01, 'e': 0.02996973580906778}",25,12,21.44815433470953,"{0: 13, 1: 0, 2: 0, 3: 0, 4: 0}",1
351,False,"{'a': 0.01, 'e': 0.029670038450977102}",20,0,30.535884936246205,"{0: 20, 1: 0, 2: 0, 3: 0, 4: 0}",0
352,False,"{'a': 0.01, 'e': 0.02937333806646733}",30,15,30.283187334832622,"{0: 15, 1: 0, 2: 0, 3: 0, 4: 0}",1
353,False,"{'a': 0.01, 'e': 0.029079604685802656}",30,20,18.96820812553125,"{0: 10, 1: 0, 2: 0, 3: 0, 4: 0}",1
354,False,"{'a': 0.01, 'e': 0.02878880863894463}",25,14,22.999983587670407,"{0: 11, 1: 0, 2: 0, 3: 0, 4: 0}",1
355,False,"{'a': 0.01, 'e': 0.02850092055255518}",25,17,14.10801016240384,"{0: 8, 1: 0, 2: 0, 3: 0, 4: 0}",1
356,False,"{'a': 0.01, 'e': 0.02821591134702963}",20,11,17.901091921878383,"{0: 9, 1: 0, 2: 0, 3: 0, 4: 0}",1
357,False,"{'a': 0.01, 'e': 0.027933752233559334}",25,10,31.738133391413047,"{0: 15, 1: 0, 2: 0, 3: 0, 4: 0}",1
358,False,"{'a': 0.01, 'e': 0.027654414711223742}",25,19,10.428394933061941,"{0: 6, 1: 0, 2: 0, 3: 0, 4: 0}",1
359,False,"{'a': 0.01, 'e': 0.027377870564111503}",25,13,16.5716870922341,"{0: 12, 1: 0, 2: 0, 3: 0, 4: 0}",1
360,False,"{'a': 0.01, 'e': 0.02710409185847039}",20,11,19.076585981568577,"{0: 9, 1: 0, 2: 0, 3: 0, 4: 0}",1
361,False,"{'a': 0.01, 'e': 0.026833050939885684}",30,17,22.037377508290366,"{0: 13, 1: 0, 2: 0, 3: 0, 4: 0}",1
362,False,"{'a': 0.01, 'e': 0.026564720430486827}",20,3,28.119318568534318,"{0: 17, 1: 0, 2: 0, 3: 0, 4: 0}",1
363,False,"{'a': 0.01, 'e': 0.026299073226181958}",25,13,25.43474345096126,"{0: 12, 1: 0, 2: 0, 3: 0, 4: 0}",1
364,False,"{'a': 0.01, 'e': 0.026036082493920136}",20,10,20.397088769408125,"{0: 10, 1: 0, 2: 0, 3: 0, 4: 0}",1
365,False,"{'a': 0.01, 'e': 0.025775721668980935}",25,12,20.541142632304144,"{0: 13, 1: 0, 2: 0, 3: 0, 4: 0}",1
366,False,"{'a': 0.01, 'e': 0.025517964452291125}",25,15,17.92269908926222,"{0: 10, 1: 0, 2: 0, 3: 0, 4: 0}",1
367,False,"{'a': 0.01, 'e': 0.025262784807768213}",20,8,22.038913398859147,"{0: 12, 1: 0, 2: 0, 3: 0, 4: 0}",1
368,False,"{'a': 0.01, 'e': 0.025010156959690534}",25,14,26.152439229551884,"{0: 11, 1: 0, 2: 0, 3: 0, 4: 0}",1
369,False,"{'a': 0.01, 'e': 0.024760055390093627}",20,16,6.3166452332718785,"{0: 4, 1: 0, 2: 0, 3: 0, 4: 0}",1
370,False,"{'a': 0.01, 'e': 0.02451245483619269}",30,22,15.43932696338708,"{0: 8, 1: 0, 2: 0, 3: 0, 4: 0}",1
371,False,"{'a': 0.01, 'e': 0.024267330287830763}",25,6,30.21071729135792,"{0: 19, 1: 0, 2: 0, 3: 0, 4: 0}",1
372,False,"{'a': 0.01, 'e': 0.024024656984952455}",25,9,34.17474344174673,"{0: 16, 1: 0, 2: 0, 3: 0, 4: 0}",1
373,False,"{'a': 0.01, 'e': 0.02378441041510293}",20,0,29.37677261379213,"{0: 20, 1: 0, 2: 0, 3: 0, 4: 0}",1
374,False,"{'a': 0.01, 'e': 0.0235465663109519}",20,12,19.050127182654016,"{0: 8, 1: 0, 2: 0, 3: 0, 4: 0}",1
375,False,"{'a': 0.01, 'e': 0.02331110064784238}",30,18,25.17864367087286,"{0: 12, 1: 0, 2: 0, 3: 0, 4: 0}",1
376,False,"{'a': 0.01, 'e': 0.02307798964136396}",25,9,27.972659024437686,"{0: 16, 1: 0, 2: 0, 3: 0, 4: 0}",1
377,False,"{'a': 0.01, 'e': 0.022847209744950317}",25,15,19.47239052694075,"{0: 10, 1: 0, 2: 0, 3: 0, 4: 0}",1
378,False,"{'a': 0.01, 'e': 0.022618737647500813}",30,8,32.666385780102424,"{0: 21, 1: 1, 2: 0, 3: 0, 4: 0}",1
379,False,"{'a': 0.01, 'e': 0.022392550271025807}",20,1,25.687904815351665,"{0: 18, 1: 0, 2: 1, 3: 0, 4: 0}",1
380,False,"{'a': 0.01, 'e': 0.022168624768315548}",20,8,23.59849485606252,"{0: 12, 1: 0, 2: 0, 3: 0, 4: 0}",1
381,False,"{'a': 0.01, 'e': 0.021946938520632394}",20,13,12.826838308977582,"{0: 7, 1: 0, 2: 0, 3: 0, 4: 0}",1
382,False,"{'a': 0.01, 'e': 0.02172746913542607}",20,13,6.230549355233252,"{0: 6, 1: 1, 2: 0, 3: 0, 4: 0}",1
383,False,"{'a': 0.01, 'e': 0.021510194444071807}",20,3,26.897247577991084,"{0: 17, 1: 0, 2: 0, 3: 0, 4: 0}",1
384,False,"{'a': 0.01, 'e': 0.021295092499631088}",20,10,12.048692912495147,"{0: 9, 1: 1, 2: 0, 3: 0, 4: 0}",1
385,False,"{'a': 0.01, 'e': 0.02108214157463478}",20,10,17.27206400403756,"{0: 10, 1: 0, 2: 0, 3: 0, 4: 0}",1
386,False,"{'a': 0.01, 'e': 0.02087132015888843}",30,18,21.061966390148044,"{0: 12, 1: 0, 2: 0, 3: 0, 4: 0}",1
387,False,"{'a': 0.01, 'e': 0.020662606957299545}",30,23,14.644631763379316,"{0: 7, 1: 0, 2: 0, 3: 0, 4: 0}",1
388,False,"{'a': 0.01, 'e': 0.02045598088772655}",30,12,30.455334205375213,"{0: 18, 1: 0, 2: 0, 3: 0, 4: 0}",1
389,False,"{'a': 0.01, 'e': 0.020251421078849283}",20,9,6.193822021447502,"{0: 10, 1: 0, 2: 1, 3: 0, 4: 0}",1
390,False,"{'a': 0.01, 'e': 0.02004890686806079}",30,8,34.887404043279275,"{0: 22, 1: 0, 2: 0, 3: 0, 4: 0}",1
391,False,"{'a': 0.01, 'e': 0.019848417799380184}",30,13,33.034902529061306,"{0: 17, 1: 0, 2: 0, 3: 0, 4: 0}",1
392,False,"{'a': 0.01, 'e': 0.01964993362138638}",20,16,8.513474451299512,"{0: 4, 1: 0, 2: 0, 3: 0, 4: 0}",1
393,False,"{'a': 0.01, 'e': 0.019453434285172516}",20,16,8.777832696471657,"{0: 4, 1: 0, 2: 0, 3: 0, 4: 0}",1
394,False,"{'a': 0.01, 'e': 0.01925889994232079}",20,9,16.418536456693868,"{0: 11, 1: 0, 2: 0, 3: 0, 4: 0}",1
395,False,"{'a': 0.01, 'e': 0.019066310942897582}",20,13,10.961461055667701,"{0: 7, 1: 0, 2: 0, 3: 0, 4: 0}",1
396,False,"{'a': 0.01, 'e': 0.01887564783346861}",20,0,31.58611296740104,"{0: 20, 1: 0, 2: 0, 3: 0, 4: 0}",0
397,False,"{'a': 0.01, 'e': 0.018686891355133923}",25,11,20.92778710972249,"{0: 14, 1: 0, 2: 0, 3: 0, 4: 0}",1
398,False,"{'a': 0.01, 'e': 0.01850002244158258}",25,13,18.63718467456566,"{0: 12, 1: 0, 2: 0, 3: 0, 4: 0}",1
399,False,"{'a': 0.01, 'e': 0.018315022217166757}",20,12,12.73243536034037,"{0: 8, 1: 0, 2: 0, 3: 0, 4: 0}",1
400,False,"{'a': 0.01, 'e': 0.018131871994995087}",30,17,19.70084450130333,"{0: 13, 1: 0, 2: 0, 3: 0, 4: 0}",1
401,False,"{'a': 0.01, 'e': 0.017950553275045137}",25,15,7.391635032042926,"{0: 9, 1: 0, 2: 1, 3: 0, 4: 0}",1
402,False,"{'a': 0.01, 'e': 0.017771047742294686}",20,7,19.7236722278239,"{0: 13, 1: 0, 2: 0, 3: 0, 4: 0}",1
403,False,"{'a': 0.01, 'e': 0.01759333726487174}",25,12,23.059612919005588,"{0: 13, 1: 0, 2: 0, 3: 0, 4: 0}",1
404,False,"{'a': 0.01, 'e': 0.017417403892223023}",25,18,13.483177998958343,"{0: 7, 1: 0, 2: 0, 3: 0, 4: 0}",1
405,False,"{'a': 0.01, 'e': 0.01724322985330079}",20,9,20.073857092373164,"{0: 11, 1: 0, 2: 0, 3: 0, 4: 0}",1
406,False,"{'a': 0.01, 'e': 0.017070797554767782}",20,8,24.42848337919416,"{0: 12, 1: 0, 2: 0, 3: 0, 4: 0}",1
407,False,"{'a': 0.01, 'e': 0.016900089579220106}",25,12,24.479047569919587,"{0: 13, 1: 0, 2: 0, 3: 0, 4: 0}",1
408,False,"{'a': 0.01, 'e': 0.016731088683427903}",20,8,18.330843171502792,"{0: 12, 1: 0, 2: 0, 3: 0, 4: 0}",1
409,False,"{'a': 0.01, 'e': 0.016563777796593626}",20,16,9.24955162683021,"{0: 4, 1: 0, 2: 0, 3: 0, 4: 0}",1
410,False,"{'a': 0.01, 'e': 0.016398140018627688}",20,6,24.519859304401436,"{0: 14, 1: 0, 2: 0, 3: 0, 4: 0}",1
411,False,"{'a': 0.01, 'e': 0.01623415861844141}",20,12,13.62437940466938,"{0: 8, 1: 0, 2: 0, 3: 0, 4: 0}",1
412,False,"{'a': 0.01, 'e': 0.016071817032256998}",20,8,20.75445296502957,"{0: 12, 1: 0, 2: 0, 3: 0, 4: 0}",1
413,False,"{'a': 0.01, 'e': 0.015911098861934425}",35,21,24.669473350671655,"{0: 14, 1: 0, 2: 0, 3: 0, 4: 0}",1
414,False,"{'a': 0.01, 'e': 0.015751987873315082}",25,7,32.66667159393732,"{0: 18, 1: 0, 2: 0, 3: 0, 4: 0}",1
415,False,"{'a': 0.01, 'e': 0.015594467994581931}",20,7,20.762899364316922,"{0: 13, 1: 0, 2: 0, 3: 0, 4: 0}",1
416,False,"{'a': 0.01, 'e': 0.015438523314636111}",20,8,20.695477187325753,"{0: 12, 1: 0, 2: 0, 3: 0, 4: 0}",1
417,False,"{'a': 0.01, 'e': 0.01528413808148975}",25,8,28.282320065126363,"{0: 17, 1: 0, 2: 0, 3: 0, 4: 0}",1
418,False,"{'a': 0.01, 'e': 0.015131296700674854}",20,14,13.912099437029267,"{0: 6, 1: 0, 2: 0, 3: 0, 4: 0}",1
419,False,"{'a': 0.01, 'e': 0.014979983733668104}",35,9,41.21439977846332,"{0: 26, 1: 0, 2: 0, 3: 0, 4: 0}",1
420,False,"{'a': 0.01, 'e': 0.014830183896331423}",20,11,18.636690476638393,"{0: 9, 1: 0, 2: 0, 3: 0, 4: 0}",1
421,False,"{'a': 0.01, 'e': 0.014681882057368109}",20,0,30.26607786345418,"{0: 20, 1: 0, 2: 0, 3: 0, 4: 0}",0
422,False,"{'a': 0.01, 'e': 0.014535063236794427}",20,10,20.680983587170005,"{0: 10, 1: 0, 2: 0, 3: 0, 4: 0}",1
423,False,"{'a': 0.01, 'e': 0.014389712604426484}",30,13,22.58797998655674,"{0: 16, 1: 0, 2: 1, 3: 0, 4: 0}",1
424,False,"{'a': 0.01, 'e': 0.014245815478382218}",30,13,33.87160245700029,"{0: 17, 1: 0, 2: 0, 3: 0, 4: 0}",1
425,False,"{'a': 0.01, 'e': 0.014103357323598397}",20,7,23.1919915445179,"{0: 13, 1: 0, 2: 0, 3: 0, 4: 0}",1
426,False,"{'a': 0.01, 'e': 0.013962323750362412}",20,7,24.815057767830723,"{0: 13, 1: 0, 2: 0, 3: 0, 4: 0}",1
427,False,"{'a': 0.01, 'e': 0.013822700512858787}",20,10,21.09834897604605,"{0: 10, 1: 0, 2: 0, 3: 0, 4: 0}",1
428,False,"{'a': 0.01, 'e': 0.013684473507730199}",20,10,20.25627830021031,"{0: 10, 1: 0, 2: 0, 3: 0, 4: 0}",1
429,False,"{'a': 0.01, 'e': 0.013547628772652897}",20,16,7.335636503041574,"{0: 4, 1: 0, 2: 0, 3: 0, 4: 0}",1
430,False,"{'a': 0.01, 'e': 0.013412152484926368}",35,8,46.046974569854065,"{0: 27, 1: 0, 2: 0, 3: 0, 4: 0}",1
431,False,"{'a': 0.01, 'e': 0.013278030960077104}",20,16,6.288098236092065,"{0: 4, 1: 0, 2: 0, 3: 0, 4: 0}",1
432,False,"{'a': 0.01, 'e': 0.013145250650476333}",20,6,27.266278824149488,"{0: 14, 1: 0, 2: 0, 3: 0, 4: 0}",1
433,False,"{'a': 0.01, 'e': 0.01301379814397157}",20,0,-10.230463966228905,"{0: 19, 1: 0, 2: 0, 3: 0, 4: 1}",0
434,False,"{'a': 0.01, 'e': 0.012883660162531854}",20,13,8.771491883343224,"{0: 7, 1: 0, 2: 0, 3: 0, 4: 0}",1
435,False,"{'a': 0.01, 'e': 0.012754823560906535}",25,13,24.117920974683063,"{0: 12, 1: 0, 2: 0, 3: 0, 4: 0}",1
436,False,"{'a': 0.01, 'e': 0.01262727532529747}",20,11,14.265046122702469,"{0: 9, 1: 0, 2: 0, 3: 0, 4: 0}",1
437,False,"{'a': 0.01, 'e': 0.012501002572044496}",25,8,19.060361459033544,"{0: 16, 1: 0, 2: 1, 3: 0, 4: 0}",1
438,False,"{'a': 0.01, 'e': 0.01237599254632405}",20,12,14.078714030367426,"{0: 8, 1: 0, 2: 0, 3: 0, 4: 0}",1
439,False,"{'a': 0.01, 'e': 0.012252232620860809}",20,8,17.527318323418594,"{0: 12, 1: 0, 2: 0, 3: 0, 4: 0}",1
440,False,"{'a': 0.01, 'e': 0.012129710294652202}",20,6,28.070444716695214,"{0: 14, 1: 0, 2: 0, 3: 0, 4: 0}",1
441,False,"{'a': 0.01, 'e': 0.01200841319170568}",25,14,21.80598185479555,"{0: 11, 1: 0, 2: 0, 3: 0, 4: 0}",1
442,False,"{'a': 0.01, 'e': 0.011888329059788622}",25,19,10.638898922547604,"{0: 6, 1: 0, 2: 0, 3: 0, 4: 0}",1
443,False,"{'a': 0.01, 'e': 0.011769445769190735}",20,0,31.158654146755705,"{0: 20, 1: 0, 2: 0, 3: 0, 4: 0}",0
444,False,"{'a': 0.01, 'e': 0.011651751311498829}",20,6,20.73818008307165,"{0: 14, 1: 0, 2: 0, 3: 0, 4: 0}",1
445,False,"{'a': 0.01, 'e': 0.01153523379838384}",20,9,17.98153032446548,"{0: 11, 1: 0, 2: 0, 3: 0, 4: 0}",1
446,False,"{'a': 0.01, 'e': 0.011419881460400001}",20,12,13.910343383530394,"{0: 8, 1: 0, 2: 0, 3: 0, 4: 0}",1
447,False,"{'a': 0.01, 'e': 0.011305682645796001}",25,10,17.31187761287468,"{0: 14, 1: 0, 2: 1, 3: 0, 4: 0}",1
448,False,"{'a': 0.01, 'e': 0.011192625819338041}",20,16,7.682938097127541,"{0: 4, 1: 0, 2: 0, 3: 0, 4: 0}",1
449,False,"{'a': 0.01, 'e': 0.011080699561144661}",30,17,22.77757621428911,"{0: 13, 1: 0, 2: 0, 3: 0, 4: 0}",1
450,False,"{'a': 0.01, 'e': 0.010969892565533214}",20,0,20.78269492664287,"{0: 20, 1: 0, 2: 0, 3: 0, 4: 0}",0
451,False,"{'a': 0.01, 'e': 0.010860193639877882}",25,12,25.541089300027206,"{0: 13, 1: 0, 2: 0, 3: 0, 4: 0}",1
452,False,"{'a': 0.01, 'e': 0.010751591703479103}",20,9,19.666012158781335,"{0: 11, 1: 0, 2: 0, 3: 0, 4: 0}",1
453,False,"{'a': 0.01, 'e': 0.010644075786444312}",20,7,24.689663413710058,"{0: 13, 1: 0, 2: 0, 3: 0, 4: 0}",1
454,False,"{'a': 0.01, 'e': 0.01053763502857987}",25,5,33.97698228010327,"{0: 20, 1: 0, 2: 0, 3: 0, 4: 0}",1
455,False,"{'a': 0.01, 'e': 0.01043225867829407}",35,18,28.6977716711833,"{0: 17, 1: 0, 2: 0, 3: 0, 4: 0}",1
456,False,"{'a': 0.01, 'e': 0.01032793609151113}",20,6,26.64194917435803,"{0: 14, 1: 0, 2: 0, 3: 0, 4: 0}",1
457,False,"{'a': 0.01, 'e': 0.010224656730596018}",20,15,8.166104127674778,"{0: 5, 1: 0, 2: 0, 3: 0, 4: 0}",1
458,False,"{'a': 0.01, 'e': 0.010122410163290057}",20,0,34.6375198669702,"{0: 20, 1: 0, 2: 0, 3: 0, 4: 0}",0
459,False,"{'a': 0.01, 'e': 0.010021186061657156}",20,13,13.536871032087587,"{0: 7, 1: 0, 2: 0, 3: 0, 4: 0}",1
460,False,"{'a': 0.01, 'e': 0.009920974201040586}",25,11,26.899640368018684,"{0: 14, 1: 0, 2: 0, 3: 0, 4: 0}",1
461,False,"{'a': 0.01, 'e': 0.009821764459030179}",20,3,29.037370980479476,"{0: 17, 1: 0, 2: 0, 3: 0, 4: 0}",1
462,False,"{'a': 0.01, 'e': 0.009723546814439878}",20,8,19.454579881484463,"{0: 12, 1: 0, 2: 0, 3: 0, 4: 0}",1
463,False,"{'a': 0.01, 'e': 0.009626311346295479}",25,13,19.680006291152843,"{0: 12, 1: 0, 2: 0, 3: 0, 4: 0}",1
464,False,"{'a': 0.01, 'e': 0.009530048232832523}",30,11,33.57642836539933,"{0: 19, 1: 0, 2: 0, 3: 0, 4: 0}",1
465,False,"{'a': 0.01, 'e': 0.009434747750504199}",20,13,12.984129867119007,"{0: 7, 1: 0, 2: 0, 3: 0, 4: 0}",1
466,False,"{'a': 0.01, 'e': 0.009340400272999157}",20,8,24.29747417277162,"{0: 12, 1: 0, 2: 0, 3: 0, 4: 0}",1
467,False,"{'a': 0.01, 'e': 0.009246996270269165}",30,8,43.54842581208017,"{0: 22, 1: 0, 2: 0, 3: 0, 4: 0}",1
468,False,"{'a': 0.01, 'e': 0.009154526307566474}",30,19,19.84308721726385,"{0: 11, 1: 0, 2: 0, 3: 0, 4: 0}",1
469,False,"{'a': 0.01, 'e': 0.009062981044490808}",30,21,17.70839990771688,"{0: 9, 1: 0, 2: 0, 3: 0, 4: 0}",1
470,False,"{'a': 0.01, 'e': 0.0089723512340459}",25,11,26.24639905819741,"{0: 14, 1: 0, 2: 0, 3: 0, 4: 0}",1
471,False,"{'a': 0.01, 'e': 0.00888262772170544}",20,12,14.349177084991853,"{0: 8, 1: 0, 2: 0, 3: 0, 4: 0}",1
472,False,"{'a': 0.01, 'e': 0.008793801444488386}",25,15,22.950520443376234,"{0: 10, 1: 0, 2: 0, 3: 0, 4: 0}",1
473,False,"{'a': 0.01, 'e': 0.008705863430043502}",20,14,10.549975711880766,"{0: 6, 1: 0, 2: 0, 3: 0, 4: 0}",1
474,False,"{'a': 0.01, 'e': 0.008618804795743068}",20,14,11.499451065313384,"{0: 6, 1: 0, 2: 0, 3: 0, 4: 0}",1
475,False,"{'a': 0.01, 'e': 0.008532616747785637}",20,7,23.960414495215172,"{0: 13, 1: 0, 2: 0, 3: 0, 4: 0}",1
476,False,"{'a': 0.01, 'e': 0.00844729058030778}",20,10,17.53707285585311,"{0: 10, 1: 0, 2: 0, 3: 0, 4: 0}",1
477,False,"{'a': 0.01, 'e': 0.008362817674504702}",25,13,19.567168591280534,"{0: 12, 1: 0, 2: 0, 3: 0, 4: 0}",1
478,False,"{'a': 0.01, 'e': 0.008279189497759656}",30,8,38.96039441918891,"{0: 22, 1: 0, 2: 0, 3: 0, 4: 0}",1
479,False,"{'a': 0.01, 'e': 0.008196397602782058}",30,16,22.281418759980895,"{0: 14, 1: 0, 2: 0, 3: 0, 4: 0}",1
480,False,"{'a': 0.01, 'e': 0.008114433626754238}",20,14,10.171622005568743,"{0: 6, 1: 0, 2: 0, 3: 0, 4: 0}",1
481,False,"{'a': 0.01, 'e': 0.008033289290486696}",25,17,15.142409221378326,"{0: 8, 1: 0, 2: 0, 3: 0, 4: 0}",1
482,False,"{'a': 0.01, 'e': 0.00795295639758183}",30,17,24.614451422028754,"{0: 13, 1: 0, 2: 0, 3: 0, 4: 0}",1
483,False,"{'a': 0.01, 'e': 0.00787342683360601}",30,5,33.007682479329986,"{0: 25, 1: 0, 2: 0, 3: 0, 4: 0}",1
484,False,"{'a': 0.01, 'e': 0.0077946925652699495}",20,6,18.262376120694235,"{0: 14, 1: 0, 2: 0, 3: 0, 4: 0}",1
485,False,"{'a': 0.01, 'e': 0.00771674563961725}",20,16,7.692153660768262,"{0: 4, 1: 0, 2: 0, 3: 0, 4: 0}",1
486,False,"{'a': 0.01, 'e': 0.007639578183221077}",20,6,24.00186254768884,"{0: 14, 1: 0, 2: 0, 3: 0, 4: 0}",1
487,False,"{'a': 0.01, 'e': 0.0075631824013888665}",20,8,25.15514007074134,"{0: 12, 1: 0, 2: 0, 3: 0, 4: 0}",1
488,False,"{'a': 0.01, 'e': 0.0074875505773749785}",20,14,9.293127260391524,"{0: 6, 1: 0, 2: 0, 3: 0, 4: 0}",1
489,False,"{'a': 0.01, 'e': 0.007412675071601228}",25,15,16.72495133466101,"{0: 10, 1: 0, 2: 0, 3: 0, 4: 0}",1
490,False,"{'a': 0.01, 'e': 0.007338548320885216}",30,14,28.060026812313048,"{0: 16, 1: 0, 2: 0, 3: 0, 4: 0}",1
491,False,"{'a': 0.01, 'e': 0.0072651628376763635}",20,2,31.101366862768636,"{0: 18, 1: 0, 2: 0, 3: 0, 4: 0}",1
492,False,"{'a': 0.01, 'e': 0.0071925112092996}",25,12,23.64174723072569,"{0: 13, 1: 0, 2: 0, 3: 0, 4: 0}",1
493,False,"{'a': 0.01, 'e': 0.007120586097206604}",20,10,21.414576561039656,"{0: 10, 1: 0, 2: 0, 3: 0, 4: 0}",1
494,False,"{'a': 0.01, 'e': 0.007049380236234538}",25,19,10.607597684054152,"{0: 6, 1: 0, 2: 0, 3: 0, 4: 0}",1
495,False,"{'a': 0.01, 'e': 0.006978886433872193}",25,10,27.765571681380568,"{0: 15, 1: 0, 2: 0, 3: 0, 4: 0}",1
496,False,"{'a': 0.01, 'e': 0.00690909756953347}",20,13,15.548810294006836,"{0: 7, 1: 0, 2: 0, 3: 0, 4: 0}",1
497,False,"{'a': 0.01, 'e': 0.006840006593838136}",20,10,17.678692861568916,"{0: 10, 1: 0, 2: 0, 3: 0, 4: 0}",1
498,False,"{'a': 0.01, 'e': 0.006771606527899755}",30,18,20.825922564379994,"{0: 12, 1: 0, 2: 0, 3: 0, 4: 0}",1
499,False,"{'a': 0.01, 'e': 0.0067038904626207565}",25,10,25.064551466823776,"{0: 15, 1: 0, 2: 0, 3: 0, 4: 0}",1
500,False,"{'a': 0.01, 'e': 0.006636851557994549}",25,12,22.60518872146539,"{0: 13, 1: 0, 2: 0, 3: 0, 4: 0}",1
501,False,"{'a': 0.01, 'e': 0.006570483042414603}",20,13,12.115548803558848,"{0: 7, 1: 0, 2: 0, 3: 0, 4: 0}",1
502,False,"{'a': 0.01, 'e': 0.006504778211990457}",30,18,20.513199911723333,"{0: 12, 1: 0, 2: 0, 3: 0, 4: 0}",1
503,False,"{'a': 0.01, 'e': 0.006439730429870553}",25,11,25.22243447739269,"{0: 14, 1: 0, 2: 0, 3: 0, 4: 0}",1
504,False,"{'a': 0.01, 'e': 0.006375333125571847}",30,13,30.999247733834217,"{0: 17, 1: 0, 2: 0, 3: 0, 4: 0}",1
505,False,"{'a': 0.01, 'e': 0.006311579794316129}",20,13,11.72704507568906,"{0: 7, 1: 0, 2: 0, 3: 0, 4: 0}",1
506,False,"{'a': 0.01, 'e': 0.006248463996372967}",20,16,7.428802195786492,"{0: 4, 1: 0, 2: 0, 3: 0, 4: 0}",1
507,False,"{'a': 0.01, 'e': 0.0061859793564092375}",25,18,9.914646458712998,"{0: 7, 1: 0, 2: 0, 3: 0, 4: 0}",1
508,False,"{'a': 0.01, 'e': 0.006124119562845145}",30,15,27.18328304299724,"{0: 15, 1: 0, 2: 0, 3: 0, 4: 0}",1
509,False,"{'a': 0.01, 'e': 0.0060628783672166935}",25,9,23.336903620686005,"{0: 16, 1: 0, 2: 0, 3: 0, 4: 0}",1
510,False,"{'a': 0.01, 'e': 0.006002249583544526}",20,10,15.54267858858464,"{0: 10, 1: 0, 2: 0, 3: 0, 4: 0}",1
511,False,"{'a': 0.01, 'e': 0.005942227087709081}",25,16,17.746825291248697,"{0: 9, 1: 0, 2: 0, 3: 0, 4: 0}",1
512,False,"{'a': 0.01, 'e': 0.00588280481683199}",25,6,39.66587386277742,"{0: 19, 1: 0, 2: 0, 3: 0, 4: 0}",1
513,False,"{'a': 0.01, 'e': 0.005823976768663671}",20,7,23.155475488709342,"{0: 13, 1: 0, 2: 0, 3: 0, 4: 0}",1
514,False,"{'a': 0.01, 'e': 0.0057657370009770335}",20,7,20.72988255932584,"{0: 13, 1: 0, 2: 0, 3: 0, 4: 0}",1
515,False,"{'a': 0.01, 'e': 0.005708079630967263}",30,13,30.12251644317489,"{0: 17, 1: 0, 2: 0, 3: 0, 4: 0}",1
516,False,"{'a': 0.01, 'e': 0.00565099883465759}",20,15,9.585685258375287,"{0: 5, 1: 0, 2: 0, 3: 0, 4: 0}",1
517,False,"{'a': 0.01, 'e': 0.005594488846311015}",25,17,12.49798092546173,"{0: 8, 1: 0, 2: 0, 3: 0, 4: 0}",1
518,False,"{'a': 0.01, 'e': 0.005538543957847904}",20,16,7.447261558979259,"{0: 4, 1: 0, 2: 0, 3: 0, 4: 0}",1
519,False,"{'a': 0.01, 'e': 0.005483158518269426}",25,7,26.238955018837956,"{0: 18, 1: 0, 2: 0, 3: 0, 4: 0}",1
520,False,"{'a': 0.01, 'e': 0.005428326933086731}",25,19,13.023599671972038,"{0: 6, 1: 0, 2: 0, 3: 0, 4: 0}",1
521,False,"{'a': 0.01, 'e': 0.005374043663755864}",20,14,14.20664325128718,"{0: 6, 1: 0, 2: 0, 3: 0, 4: 0}",1
522,False,"{'a': 0.01, 'e': 0.005320303227118305}",20,15,9.522940930200626,"{0: 5, 1: 0, 2: 0, 3: 0, 4: 0}",1
523,False,"{'a': 0.01, 'e': 0.005267100194847122}",25,17,12.308971890460267,"{0: 8, 1: 0, 2: 0, 3: 0, 4: 0}",1
524,False,"{'a': 0.01, 'e': 0.005214429192898651}",30,19,18.051875518155217,"{0: 11, 1: 0, 2: 0, 3: 0, 4: 0}",1
525,False,"{'a': 0.01, 'e': 0.005162284900969664}",30,12,31.142952166382464,"{0: 18, 1: 0, 2: 0, 3: 0, 4: 0}",1
526,False,"{'a': 0.01, 'e': 0.005110662051959968}",20,15,10.37273977222227,"{0: 5, 1: 0, 2: 0, 3: 0, 4: 0}",1
527,False,"{'a': 0.01, 'e': 0.005059555431440368}",25,14,19.679090396696676,"{0: 11, 1: 0, 2: 0, 3: 0, 4: 0}",1
528,False,"{'a': 0.01, 'e': 0.005008959877125964}",30,20,17.826256494853165,"{0: 10, 1: 0, 2: 0, 3: 0, 4: 0}",1
529,False,"{'a': 0.01, 'e': 0.0049588702783547045}",30,15,24.123366138945656,"{0: 15, 1: 0, 2: 0, 3: 0, 4: 0}",1
530,False,"{'a': 0.01, 'e': 0.004909281575571157}",20,7,29.485326300382166,"{0: 13, 1: 0, 2: 0, 3: 0, 4: 0}",1
531,False,"{'a': 0.01, 'e': 0.0048601887598154455}",20,6,28.681922954209924,"{0: 14, 1: 0, 2: 0, 3: 0, 4: 0}",1
532,False,"{'a': 0.01, 'e': 0.004811586872217291}",20,15,8.685013524293517,"{0: 5, 1: 0, 2: 0, 3: 0, 4: 0}",1
533,False,"{'a': 0.01, 'e': 0.004763471003495118}",20,8,24.387417875196693,"{0: 12, 1: 0, 2: 0, 3: 0, 4: 0}",1
534,False,"{'a': 0.01, 'e': 0.004715836293460167}",20,7,19.24475210285163,"{0: 13, 1: 0, 2: 0, 3: 0, 4: 0}",1
535,False,"{'a': 0.01, 'e': 0.004668677930525565}",30,18,19.891498115628437,"{0: 12, 1: 0, 2: 0, 3: 0, 4: 0}",1
536,False,"{'a': 0.01, 'e': 0.0046219911512203095}",20,15,10.542461200548319,"{0: 5, 1: 0, 2: 0, 3: 0, 4: 0}",1
537,False,"{'a': 0.01, 'e': 0.004575771239708106}",30,24,12.820707384629534,"{0: 6, 1: 0, 2: 0, 3: 0, 4: 0}",1
538,False,"{'a': 0.01, 'e': 0.004530013527311025}",20,0,29.45443264568857,"{0: 20, 1: 0, 2: 0, 3: 0, 4: 0}",0
539,False,"{'a': 0.01, 'e': 0.004484713392037915}",25,17,18.15911908482372,"{0: 8, 1: 0, 2: 0, 3: 0, 4: 0}",1
540,False,"{'a': 0.01, 'e': 0.004439866258117536}",25,11,27.650635125635993,"{0: 14, 1: 0, 2: 0, 3: 0, 4: 0}",1
541,False,"{'a': 0.01, 'e': 0.004395467595536361}",25,19,11.273944667220546,"{0: 6, 1: 0, 2: 0, 3: 0, 4: 0}",1
542,False,"{'a': 0.01, 'e': 0.0043515129195809965}",25,16,17.876371863155367,"{0: 9, 1: 0, 2: 0, 3: 0, 4: 0}",1
543,False,"{'a': 0.01, 'e': 0.004307997790385187}",25,16,15.952044526286112,"{0: 9, 1: 0, 2: 0, 3: 0, 4: 0}",1
544,False,"{'a': 0.01, 'e': 0.004264917812481335}",30,17,22.958021257854178,"{0: 13, 1: 0, 2: 0, 3: 0, 4: 0}",1
545,False,"{'a': 0.01, 'e': 0.004222268634356522}",30,6,43.16010283724097,"{0: 24, 1: 0, 2: 0, 3: 0, 4: 0}",1
546,False,"{'a': 0.01, 'e': 0.004180045948012957}",20,1,34.20134373162129,"{0: 19, 1: 0, 2: 0, 3: 0, 4: 0}",1
547,False,"{'a': 0.01, 'e': 0.004138245488532827}",20,16,6.75910316655019,"{0: 4, 1: 0, 2: 0, 3: 0, 4: 0}",1
548,False,"{'a': 0.01, 'e': 0.004096863033647498}",25,20,12.066920849712565,"{0: 5, 1: 0, 2: 0, 3: 0, 4: 0}",1
549,False,"{'a': 0.01, 'e': 0.0040558944033110235}",30,11,30.637762082856376,"{0: 19, 1: 0, 2: 0, 3: 0, 4: 0}",1
550,False,"{'a': 0.01, 'e': 0.004015335459277913}",35,24,19.511798953207933,"{0: 11, 1: 0, 2: 0, 3: 0, 4: 0}",1
551,False,"{'a': 0.01, 'e': 0.003975182104685134}",25,16,16.162707138722393,"{0: 9, 1: 0, 2: 0, 3: 0, 4: 0}",1
552,False,"{'a': 0.01, 'e': 0.003935430283638282}",35,7,57.37858667615761,"{0: 28, 1: 0, 2: 0, 3: 0, 4: 0}",1
553,False,"{'a': 0.01, 'e': 0.0038960759808018995}",20,7,27.846103955328118,"{0: 13, 1: 0, 2: 0, 3: 0, 4: 0}",1
554,False,"{'a': 0.01, 'e': 0.0038571152209938807}",20,9,16.850575935403697,"{0: 11, 1: 0, 2: 0, 3: 0, 4: 0}",1
555,False,"{'a': 0.01, 'e': 0.0038185440687839418}",20,9,18.85395380587601,"{0: 11, 1: 0, 2: 0, 3: 0, 4: 0}",1
556,False,"{'a': 0.01, 'e': 0.003780358628096102}",20,11,16.023713411801943,"{0: 9, 1: 0, 2: 0, 3: 0, 4: 0}",1
557,False,"{'a': 0.01, 'e': 0.0037425550418151415}",25,18,13.70391904415908,"{0: 7, 1: 0, 2: 0, 3: 0, 4: 0}",1
558,False,"{'a': 0.01, 'e': 0.0037051294913969897}",30,20,19.190073089719505,"{0: 10, 1: 0, 2: 0, 3: 0, 4: 0}",1
559,False,"{'a': 0.01, 'e': 0.00366807819648302}",20,14,9.58473665206779,"{0: 6, 1: 0, 2: 0, 3: 0, 4: 0}",1
560,False,"{'a': 0.01, 'e': 0.0036313974145181895}",30,17,24.062251182187854,"{0: 13, 1: 0, 2: 0, 3: 0, 4: 0}",1
561,False,"{'a': 0.01, 'e': 0.003595083440373008}",20,4,24.389055869761084,"{0: 16, 1: 0, 2: 0, 3: 0, 4: 0}",1
562,False,"{'a': 0.01, 'e': 0.003559132605969278}",20,13,13.20528601696589,"{0: 7, 1: 0, 2: 0, 3: 0, 4: 0}",1
563,False,"{'a': 0.01, 'e': 0.003523541279909585}",20,13,15.74987348200369,"{0: 7, 1: 0, 2: 0, 3: 0, 4: 0}",1
564,False,"{'a': 0.01, 'e': 0.003488305867110489}",20,0,30.97667853915937,"{0: 20, 1: 0, 2: 0, 3: 0, 4: 0}",0
565,False,"{'a': 0.01, 'e': 0.003453422808439384}",20,6,23.176462965294682,"{0: 14, 1: 0, 2: 0, 3: 0, 4: 0}",1
566,False,"{'a': 0.01, 'e': 0.0034188885803549903}",20,6,29.317233518530223,"{0: 14, 1: 0, 2: 0, 3: 0, 4: 0}",1
567,False,"{'a': 0.01, 'e': 0.0033846996945514404}",20,13,13.753423135984544,"{0: 7, 1: 0, 2: 0, 3: 0, 4: 0}",1
568,False,"{'a': 0.01, 'e': 0.003350852697605926}",35,23,21.883022255374186,"{0: 12, 1: 0, 2: 0, 3: 0, 4: 0}",1
569,False,"{'a': 0.01, 'e': 0.0033173441706298664}",20,6,27.018331286519736,"{0: 14, 1: 0, 2: 0, 3: 0, 4: 0}",1
570,False,"{'a': 0.01, 'e': 0.0032841707289235677}",20,6,24.005842507059473,"{0: 14, 1: 0, 2: 0, 3: 0, 4: 0}",1
571,False,"{'a': 0.01, 'e': 0.003251329021634332}",25,16,16.78606058396152,"{0: 9, 1: 0, 2: 0, 3: 0, 4: 0}",1
572,False,"{'a': 0.01, 'e': 0.0032188157314179885}",30,18,23.173263536279173,"{0: 12, 1: 0, 2: 0, 3: 0, 4: 0}",1
573,False,"{'a': 0.01, 'e': 0.003186627574103809}",25,19,9.82399606426638,"{0: 6, 1: 0, 2: 0, 3: 0, 4: 0}",1
574,False,"{'a': 0.01, 'e': 0.0031547612983627705}",25,13,23.52902699897579,"{0: 12, 1: 0, 2: 0, 3: 0, 4: 0}",1
575,False,"{'a': 0.01, 'e': 0.003123213685379143}",30,13,22.025004892041924,"{0: 17, 1: 0, 2: 0, 3: 0, 4: 0}",1
576,False,"{'a': 0.01, 'e': 0.0030919815485253516}",20,16,7.779347057710039,"{0: 4, 1: 0, 2: 0, 3: 0, 4: 0}",1
577,False,"{'a': 0.01, 'e': 0.003061061733040098}",20,12,16.421162109908614,"{0: 8, 1: 0, 2: 0, 3: 0, 4: 0}",1
578,False,"{'a': 0.01, 'e': 0.003030451115709697}",30,16,23.017165664471253,"{0: 14, 1: 0, 2: 0, 3: 0, 4: 0}",1
579,False,"{'a': 0.01, 'e': 0.0030001466045526}",25,2,37.10105242082447,"{0: 23, 1: 0, 2: 0, 3: 0, 4: 0}",1
580,False,"{'a': 0.01, 'e': 0.002970145138507074}",20,9,17.16561458199828,"{0: 11, 1: 0, 2: 0, 3: 0, 4: 0}",1
581,False,"{'a': 0.01, 'e': 0.002940443687122003}",30,3,37.8957615825152,"{0: 27, 1: 0, 2: 0, 3: 0, 4: 0}",1
582,False,"{'a': 0.01, 'e': 0.002911039250250783}",20,8,22.38190746134244,"{0: 12, 1: 0, 2: 0, 3: 0, 4: 0}",1
583,False,"{'a': 0.01, 'e': 0.0028819288577482754}",20,10,20.299553828415,"{0: 10, 1: 0, 2: 0, 3: 0, 4: 0}",1
584,False,"{'a': 0.01, 'e': 0.0028531095691707925}",20,12,17.805081034602104,"{0: 8, 1: 0, 2: 0, 3: 0, 4: 0}",1
585,False,"{'a': 0.01, 'e': 0.0028245784734790844}",25,13,20.734813818360983,"{0: 12, 1: 0, 2: 0, 3: 0, 4: 0}",1
586,False,"{'a': 0.01, 'e': 0.0027963326887442937}",20,8,16.56691943941329,"{0: 12, 1: 0, 2: 0, 3: 0, 4: 0}",1
587,False,"{'a': 0.01, 'e': 0.0027683693618568506}",20,16,7.60590433036483,"{0: 4, 1: 0, 2: 0, 3: 0, 4: 0}",1
588,False,"{'a': 0.01, 'e': 0.002740685668238282}",20,16,9.29458879857696,"{0: 4, 1: 0, 2: 0, 3: 0, 4: 0}",1
589,False,"{'a': 0.01, 'e': 0.0027132788115558993}",30,16,25.859259386553887,"{0: 14, 1: 0, 2: 0, 3: 0, 4: 0}",1
590,False,"{'a': 0.01, 'e': 0.0026861460234403403}",25,10,28.133735790566515,"{0: 15, 1: 0, 2: 0, 3: 0, 4: 0}",1
591,False,"{'a': 0.01, 'e': 0.002659284563205937}",25,14,21.007637843785734,"{0: 11, 1: 0, 2: 0, 3: 0, 4: 0}",1
592,False,"{'a': 0.01, 'e': 0.0026326917175738774}",25,12,24.973828413903078,"{0: 13, 1: 0, 2: 0, 3: 0, 4: 0}",1
593,False,"{'a': 0.01, 'e': 0.0026063648003981387}",20,12,15.171339126379056,"{0: 8, 1: 0, 2: 0, 3: 0, 4: 0}",1
594,False,"{'a': 0.01, 'e': 0.0025803011523941573}",25,16,15.068421270461629,"{0: 9, 1: 0, 2: 0, 3: 0, 4: 0}",1
595,False,"{'a': 0.01, 'e': 0.0025544981408702158}",30,16,24.898943124358333,"{0: 14, 1: 0, 2: 0, 3: 0, 4: 0}",1
596,False,"{'a': 0.01, 'e': 0.0025289531594615135}",25,8,28.602730336167934,"{0: 17, 1: 0, 2: 0, 3: 0, 4: 0}",1
597,False,"{'a': 0.01, 'e': 0.0025036636278668984}",25,14,18.577844495974787,"{0: 11, 1: 0, 2: 0, 3: 0, 4: 0}",1
598,False,"{'a': 0.01, 'e': 0.0024786269915882293}",25,9,29.18102282599406,"{0: 16, 1: 0, 2: 0, 3: 0, 4: 0}",1
599,False,"{'a': 0.01, 'e': 0.002453840721672347}",35,22,25.302993461036294,"{0: 13, 1: 0, 2: 0, 3: 0, 4: 0}",1
600,False,"{'a': 0.01, 'e': 0.0024293023144556234}",20,14,13.515153417443988,"{0: 6, 1: 0, 2: 0, 3: 0, 4: 0}",1
601,False,"{'a': 0.01, 'e': 0.0024050092913110673}",25,14,21.66315536166847,"{0: 11, 1: 0, 2: 0, 3: 0, 4: 0}",1
602,False,"{'a': 0.01, 'e': 0.0023809591983979567}",25,9,30.36111705258575,"{0: 16, 1: 0, 2: 0, 3: 0, 4: 0}",1
603,False,"{'a': 0.01, 'e': 0.002357149606413977}",25,8,34.23988461061189,"{0: 17, 1: 0, 2: 0, 3: 0, 4: 0}",1
604,False,"{'a': 0.01, 'e': 0.002333578110349837}",25,17,15.630892455117504,"{0: 8, 1: 0, 2: 0, 3: 0, 4: 0}",1
605,False,"{'a': 0.01, 'e': 0.0023102423292463386}",25,12,25.523742278989776,"{0: 13, 1: 0, 2: 0, 3: 0, 4: 0}",1
606,False,"{'a': 0.01, 'e': 0.0022871399059538754}",20,8,23.355185127491595,"{0: 12, 1: 0, 2: 0, 3: 0, 4: 0}",1
607,False,"{'a': 0.01, 'e': 0.0022642685068943367}",25,13,22.062681857556186,"{0: 12, 1: 0, 2: 0, 3: 0, 4: 0}",1
608,False,"{'a': 0.01, 'e': 0.002241625821825393}",20,12,16.189426560802197,"{0: 8, 1: 0, 2: 0, 3: 0, 4: 0}",1
609,False,"{'a': 0.01, 'e': 0.0022192095636071395}",25,15,14.696599762269539,"{0: 10, 1: 0, 2: 0, 3: 0, 4: 0}",1
610,False,"{'a': 0.01, 'e': 0.002197017467971068}",25,3,33.77134648423117,"{0: 22, 1: 0, 2: 0, 3: 0, 4: 0}",1
611,False,"{'a': 0.01, 'e': 0.002175047293291357}",30,14,30.577991192802635,"{0: 16, 1: 0, 2: 0, 3: 0, 4: 0}",1
612,False,"{'a': 0.01, 'e': 0.002153296820358444}",25,14,17.45590382758819,"{0: 11, 1: 0, 2: 0, 3: 0, 4: 0}",1
613,False,"{'a': 0.01, 'e': 0.0021317638521548593}",20,0,30.98401324115313,"{0: 20, 1: 0, 2: 0, 3: 0, 4: 0}",1
614,False,"{'a': 0.01, 'e': 0.0021104462136333105}",25,19,11.346157224464301,"{0: 6, 1: 0, 2: 0, 3: 0, 4: 0}",1
615,False,"{'a': 0.01, 'e': 0.0020893417514969773}",20,6,27.425698386006125,"{0: 14, 1: 0, 2: 0, 3: 0, 4: 0}",1
616,False,"{'a': 0.01, 'e': 0.0020684483339820075}",20,11,17.213801375701426,"{0: 9, 1: 0, 2: 0, 3: 0, 4: 0}",1
617,False,"{'a': 0.01, 'e': 0.0020477638506421875}",25,15,21.183517735608216,"{0: 10, 1: 0, 2: 0, 3: 0, 4: 0}",1
618,False,"{'a': 0.01, 'e': 0.0020272862121357657}",20,6,18.102882270485722,"{0: 14, 1: 0, 2: 0, 3: 0, 4: 0}",1
619,False,"{'a': 0.01, 'e': 0.002007013350014408}",30,15,31.143747578014963,"{0: 15, 1: 0, 2: 0, 3: 0, 4: 0}",1
620,False,"{'a': 0.01, 'e': 0.0019869432165142637}",20,6,19.684052866305336,"{0: 14, 1: 0, 2: 0, 3: 0, 4: 0}",1
621,False,"{'a': 0.01, 'e': 0.001967073784349121}",25,11,29.299653514327535,"{0: 14, 1: 0, 2: 0, 3: 0, 4: 0}",1
622,False,"{'a': 0.01, 'e': 0.00194740304650563}",25,0,40.987694180072566,"{0: 25, 1: 0, 2: 0, 3: 0, 4: 0}",0
623,False,"{'a': 0.01, 'e': 0.0019279290160405737}",20,3,23.99801715036584,"{0: 17, 1: 0, 2: 0, 3: 0, 4: 0}",1
624,False,"{'a': 0.01, 'e': 0.001908649725880168}",25,0,36.112407451281236,"{0: 25, 1: 0, 2: 0, 3: 0, 4: 0}",0
625,False,"{'a': 0.01, 'e': 0.0018895632286213661}",20,7,22.233231830917116,"{0: 13, 1: 0, 2: 0, 3: 0, 4: 0}",1
626,False,"{'a': 0.01, 'e': 0.0018706675963351526}",20,12,13.96181656454718,"{0: 8, 1: 0, 2: 0, 3: 0, 4: 0}",1
627,False,"{'a': 0.01, 'e': 0.001851960920371801}",30,19,21.52137122963681,"{0: 11, 1: 0, 2: 0, 3: 0, 4: 0}",1
628,False,"{'a': 0.01, 'e': 0.001833441311168083}",20,12,17.584495513080515,"{0: 8, 1: 0, 2: 0, 3: 0, 4: 0}",1
629,False,"{'a': 0.01, 'e': 0.0018151068980564022}",25,15,19.27112651642895,"{0: 10, 1: 0, 2: 0, 3: 0, 4: 0}",1
630,False,"{'a': 0.01, 'e': 0.001796955829075838}",25,0,35.066412270897246,"{0: 25, 1: 0, 2: 0, 3: 0, 4: 0}",0
631,False,"{'a': 0.01, 'e': 0.0017789862707850797}",20,0,35.225273599225154,"{0: 20, 1: 0, 2: 0, 3: 0, 4: 0}",0
632,False,"{'a': 0.01, 'e': 0.001761196408077229}",25,17,13.743454353782118,"{0: 8, 1: 0, 2: 0, 3: 0, 4: 0}",1
633,False,"{'a': 0.01, 'e': 0.0017435844439964566}",20,10,18.29244104581157,"{0: 10, 1: 0, 2: 0, 3: 0, 4: 0}",1
634,False,"{'a': 0.01, 'e': 0.001726148599556492}",20,7,20.336927916177075,"{0: 13, 1: 0, 2: 0, 3: 0, 4: 0}",1
635,False,"{'a': 0.01, 'e': 0.001708887113560927}",30,16,22.768696194530172,"{0: 14, 1: 0, 2: 0, 3: 0, 4: 0}",1
636,False,"{'a': 0.01, 'e': 0.0016917982424253177}",30,22,15.950683089358453,"{0: 8, 1: 0, 2: 0, 3: 0, 4: 0}",1
637,False,"{'a': 0.01, 'e': 0.0016748802600010646}",20,14,11.565365589581068,"{0: 6, 1: 0, 2: 0, 3: 0, 4: 0}",1
638,False,"{'a': 0.01, 'e': 0.0016581314574010539}",25,13,18.552272231713175,"{0: 12, 1: 0, 2: 0, 3: 0, 4: 0}",1
639,False,"{'a': 0.01, 'e': 0.0016415501428270432}",20,0,34.91204990460572,"{0: 20, 1: 0, 2: 0, 3: 0, 4: 0}",0
640,False,"{'a': 0.01, 'e': 0.001625134641398773}",20,1,30.68784880182094,"{0: 19, 1: 0, 2: 0, 3: 0, 4: 0}",1
641,False,"{'a': 0.01, 'e': 0.001608883294984785}",25,16,17.72825819673968,"{0: 9, 1: 0, 2: 0, 3: 0, 4: 0}",1
642,False,"{'a': 0.01, 'e': 0.0015927944620349372}",20,3,30.635554304332928,"{0: 17, 1: 0, 2: 0, 3: 0, 4: 0}",1
643,False,"{'a': 0.01, 'e': 0.0015768665174145879}",20,11,16.984156127760166,"{0: 9, 1: 0, 2: 0, 3: 0, 4: 0}",1
644,False,"{'a': 0.01, 'e': 0.001561097852240442}",35,13,38.375824514532155,"{0: 22, 1: 0, 2: 0, 3: 0, 4: 0}",1
645,False,"{'a': 0.01, 'e': 0.0015454868737180376}",30,12,30.565155851632568,"{0: 18, 1: 0, 2: 0, 3: 0, 4: 0}",1
646,False,"{'a': 0.01, 'e': 0.0015300320049808573}",20,10,17.028421869188154,"{0: 10, 1: 0, 2: 0, 3: 0, 4: 0}",1
647,False,"{'a': 0.01, 'e': 0.0015147316849310486}",30,16,25.90115176185798,"{0: 14, 1: 0, 2: 0, 3: 0, 4: 0}",1
648,False,"{'a': 0.01, 'e': 0.001499584368081738}",20,14,10.762282880572014,"{0: 6, 1: 0, 2: 0, 3: 0, 4: 0}",1
649,False,"{'a': 0.01, 'e': 0.0014845885244009207}",30,9,31.664129919714565,"{0: 21, 1: 0, 2: 0, 3: 0, 4: 0}",1
650,False,"{'a': 0.01, 'e': 0.0014697426391569114}",25,8,26.387128668492117,"{0: 17, 1: 0, 2: 0, 3: 0, 4: 0}",1
651,False,"{'a': 0.01, 'e': 0.0014550452127653423}",20,10,13.672805852533386,"{0: 10, 1: 0, 2: 0, 3: 0, 4: 0}",1
652,False,"{'a': 0.01, 'e': 0.001440494760637689}",20,12,17.210356611968884,"{0: 8, 1: 0, 2: 0, 3: 0, 4: 0}",1
653,False,"{'a': 0.01, 'e': 0.001426089813031312}",25,18,12.79502515797858,"{0: 7, 1: 0, 2: 0, 3: 0, 4: 0}",1
654,False,"{'a': 0.01, 'e': 0.0014118289149009989}",20,6,22.851538579114667,"{0: 14, 1: 0, 2: 0, 3: 0, 4: 0}",1
655,False,"{'a': 0.01, 'e': 0.0013977106257519888}",20,8,21.76468438296957,"{0: 12, 1: 0, 2: 0, 3: 0, 4: 0}",1
656,False,"{'a': 0.01, 'e': 0.001383733519494469}",30,8,39.22999080166844,"{0: 22, 1: 0, 2: 0, 3: 0, 4: 0}",1
657,False,"{'a': 0.01, 'e': 0.0013698961842995242}",25,10,26.104376803382273,"{0: 15, 1: 0, 2: 0, 3: 0, 4: 0}",1
658,False,"{'a': 0.01, 'e': 0.001356197222456529}",20,8,22.268155569321056,"{0: 12, 1: 0, 2: 0, 3: 0, 4: 0}",1
659,False,"{'a': 0.01, 'e': 0.0013426352502319636}",20,12,12.588667080947346,"{0: 8, 1: 0, 2: 0, 3: 0, 4: 0}",1
660,False,"{'a': 0.01, 'e': 0.001329208897729644}",25,14,22.30749046280571,"{0: 11, 1: 0, 2: 0, 3: 0, 4: 0}",1
661,False,"{'a': 0.01, 'e': 0.0013159168087523475}",25,17,13.875960489966992,"{0: 8, 1: 0, 2: 0, 3: 0, 4: 0}",1
662,False,"{'a': 0.01, 'e': 0.0013027576406648242}",25,12,25.260718025177,"{0: 13, 1: 0, 2: 0, 3: 0, 4: 0}",1
663,False,"{'a': 0.01, 'e': 0.0012897300642581758}",25,14,21.667929907926126,"{0: 11, 1: 0, 2: 0, 3: 0, 4: 0}",1
664,False,"{'a': 0.01, 'e': 0.001276832763615594}",30,24,12.951868544595765,"{0: 6, 1: 0, 2: 0, 3: 0, 4: 0}",1
665,False,"{'a': 0.01, 'e': 0.0012640644359794382}",20,2,27.056178301971926,"{0: 18, 1: 0, 2: 0, 3: 0, 4: 0}",1
666,False,"{'a': 0.01, 'e': 0.0012514237916196437}",25,11,23.29276135544809,"{0: 14, 1: 0, 2: 0, 3: 0, 4: 0}",1
667,False,"{'a': 0.01, 'e': 0.0012389095537034473}",20,12,17.96831025131419,"{0: 8, 1: 0, 2: 0, 3: 0, 4: 0}",1
668,False,"{'a': 0.01, 'e': 0.0012265204581664128}",30,16,27.46269424519545,"{0: 14, 1: 0, 2: 0, 3: 0, 4: 0}",1
669,False,"{'a': 0.01, 'e': 0.0012142552535847487}",25,5,38.693286014688205,"{0: 20, 1: 0, 2: 0, 3: 0, 4: 0}",1
670,False,"{'a': 0.01, 'e': 0.0012021127010489012}",20,16,8.51390525802885,"{0: 4, 1: 0, 2: 0, 3: 0, 4: 0}",1
671,False,"{'a': 0.01, 'e': 0.0011900915740384122}",20,2,29.330308571955584,"{0: 18, 1: 0, 2: 0, 3: 0, 4: 0}",1
672,False,"{'a': 0.01, 'e': 0.001178190658298028}",25,19,10.845045956200757,"{0: 6, 1: 0, 2: 0, 3: 0, 4: 0}",1
673,False,"{'a': 0.01, 'e': 0.0011664087517150477}",20,8,26.309638701351062,"{0: 12, 1: 0, 2: 0, 3: 0, 4: 0}",1
674,False,"{'a': 0.01, 'e': 0.0011547446641978973}",20,12,14.984156700615472,"{0: 8, 1: 0, 2: 0, 3: 0, 4: 0}",1
675,False,"{'a': 0.01, 'e': 0.0011431972175559183}",25,7,31.802952846234902,"{0: 18, 1: 0, 2: 0, 3: 0, 4: 0}",1
676,False,"{'a': 0.01, 'e': 0.0011317652453803591}",20,12,15.212780148625978,"{0: 8, 1: 0, 2: 0, 3: 0, 4: 0}",1
677,False,"{'a': 0.01, 'e': 0.0011204475929265554}",25,12,24.897046586309525,"{0: 13, 1: 0, 2: 0, 3: 0, 4: 0}",1
678,False,"{'a': 0.01, 'e': 0.0011092431169972899}",20,8,20.054788901137115,"{0: 12, 1: 0, 2: 0, 3: 0, 4: 0}",1
679,False,"{'a': 0.01, 'e': 0.001098150685827317}",25,7,37.20923825777417,"{0: 18, 1: 0, 2: 0, 3: 0, 4: 0}",1
680,False,"{'a': 0.01, 'e': 0.0010871691789690438}",25,18,13.48913313774356,"{0: 7, 1: 0, 2: 0, 3: 0, 4: 0}",1
681,False,"{'a': 0.01, 'e': 0.0010762974871793534}",20,12,14.800734660068017,"{0: 8, 1: 0, 2: 0, 3: 0, 4: 0}",1
682,False,"{'a': 0.01, 'e': 0.0010655345123075598}",35,11,40.60683816847707,"{0: 24, 1: 0, 2: 0, 3: 0, 4: 0}",1
683,False,"{'a': 0.01, 'e': 0.0010548791671844842}",30,10,36.8568063122991,"{0: 20, 1: 0, 2: 0, 3: 0, 4: 0}",1
684,False,"{'a': 0.01, 'e': 0.0010443303755126394}",25,16,16.712703516331352,"{0: 9, 1: 0, 2: 0, 3: 0, 4: 0}",1
685,False,"{'a': 0.01, 'e': 0.001033887071757513}",30,16,27.52744887092952,"{0: 14, 1: 0, 2: 0, 3: 0, 4: 0}",1
686,False,"{'a': 0.01, 'e': 0.0010235482010399377}",20,15,9.485373288202782,"{0: 5, 1: 0, 2: 0, 3: 0, 4: 0}",1
687,False,"{'a': 0.01, 'e': 0.0010133127190295385}",20,8,21.41042448483361,"{0: 12, 1: 0, 2: 0, 3: 0, 4: 0}",1
688,False,"{'a': 0.01, 'e': 0.001003179591839243}",20,8,21.375346474044537,"{0: 12, 1: 0, 2: 0, 3: 0, 4: 0}",1
689,False,"{'a': 0.01, 'e': 0.0009931477959208507}",20,3,28.559917198264568,"{0: 17, 1: 0, 2: 0, 3: 0, 4: 0}",1
1,True,"{'a': 0.0, 'e': 0.0}",20,8,22.624163559645293,"{0: 12, 1: 0, 2: 0, 3: 0, 4: 0}",1
2,True,"{'a': 0.0, 'e': 0.0}",20,10,15.22344139697621,"{0: 10, 1: 0, 2: 0, 3: 0, 4: 0}",1
3,True,"{'a': 0.0, 'e': 0.0}",25,11,27.9306680789215,"{0: 14, 1: 0, 2: 0, 3: 0, 4: 0}",1
4,True,"{'a': 0.0, 'e': 0.0}",20,12,16.548718195750503,"{0: 8, 1: 0, 2: 0, 3: 0, 4: 0}",1
5,True,"{'a': 0.0, 'e': 0.0}",25,9,32.12153818762238,"{0: 16, 1: 0, 2: 0, 3: 0, 4: 0}",1
6,True,"{'a': 0.0, 'e': 0.0}",25,12,22.030199228089764,"{0: 13, 1: 0, 2: 0, 3: 0, 4: 0}",1
7,True,"{'a': 0.0, 'e': 0.0}",25,14,21.997354395728017,"{0: 11, 1: 0, 2: 0, 3: 0, 4: 0}",1
8,True,"{'a': 0.0, 'e': 0.0}",30,18,20.308357632856755,"{0: 12, 1: 0, 2: 0, 3: 0, 4: 0}",1
9,True,"{'a': 0.0, 'e': 0.0}",25,17,14.881069201031366,"{0: 8, 1: 0, 2: 0, 3: 0, 4: 0}",1
10,True,"{'a': 0.0, 'e': 0.0}",25,18,12.767235409617474,"{0: 7, 1: 0, 2: 0, 3: 0, 4: 0}",1
11,True,"{'a': 0.0, 'e': 0.0}",20,16,7.761675731473641,"{0: 4, 1: 0, 2: 0, 3: 0, 4: 0}",1
12,True,"{'a': 0.0, 'e': 0.0}",30,12,28.66765752896487,"{0: 18, 1: 0, 2: 0, 3: 0, 4: 0}",1
13,True,"{'a': 0.0, 'e': 0.0}",25,11,25.72134520649449,"{0: 14, 1: 0, 2: 0, 3: 0, 4: 0}",1
14,True,"{'a': 0.0, 'e': 0.0}",30,12,37.76204871175319,"{0: 18, 1: 0, 2: 0, 3: 0, 4: 0}",1
15,True,"{'a': 0.0, 'e': 0.0}",20,10,18.014361273195792,"{0: 10, 1: 0, 2: 0, 3: 0, 4: 0}",1
16,True,"{'a': 0.0, 'e': 0.0}",25,8,32.36838289224579,"{0: 17, 1: 0, 2: 0, 3: 0, 4: 0}",1
17,True,"{'a': 0.0, 'e': 0.0}",30,6,32.522395795205554,"{0: 24, 1: 0, 2: 0, 3: 0, 4: 0}",1
18,True,"{'a': 0.0, 'e': 0.0}",20,8,20.858559148958047,"{0: 12, 1: 0, 2: 0, 3: 0, 4: 0}",1
19,True,"{'a': 0.0, 'e': 0.0}",20,8,17.046401782470927,"{0: 12, 1: 0, 2: 0, 3: 0, 4: 0}",1
20,True,"{'a': 0.0, 'e': 0.0}",20,6,24.835765955619898,"{0: 14, 1: 0, 2: 0, 3: 0, 4: 0}",1
21,True,"{'a': 0.0, 'e': 0.0}",20,12,13.100879686453778,"{0: 8, 1: 0, 2: 0, 3: 0, 4: 0}",1
22,True,"{'a': 0.0, 'e': 0.0}",35,26,19.72453670622746,"{0: 9, 1: 0, 2: 0, 3: 0, 4: 0}",1
23,True,"{'a': 0.0, 'e': 0.0}",20,12,14.870288187136133,"{0: 8, 1: 0, 2: 0, 3: 0, 4: 0}",1
24,True,"{'a': 0.0, 'e': 0.0}",25,11,24.44801481044,"{0: 14, 1: 0, 2: 0, 3: 0, 4: 0}",1
25,True,"{'a': 0.0, 'e': 0.0}",30,16,29.356529696658043,"{0: 14, 1: 0, 2: 0, 3: 0, 4: 0}",1
26,True,"{'a': 0.0, 'e': 0.0}",20,3,25.94656143411485,"{0: 17, 1: 0, 2: 0, 3: 0, 4: 0}",1
27,True,"{'a': 0.0, 'e': 0.0}",25,20,10.124472241132615,"{0: 5, 1: 0, 2: 0, 3: 0, 4: 0}",1
28,True,"{'a': 0.0, 'e': 0.0}",20,7,21.31275662308546,"{0: 13, 1: 0, 2: 0, 3: 0, 4: 0}",1
29,True,"{'a': 0.0, 'e': 0.0}",20,14,11.578090533996178,"{0: 6, 1: 0, 2: 0, 3: 0, 4: 0}",1
30,True,"{'a': 0.0, 'e': 0.0}",30,10,37.918383778336796,"{0: 20, 1: 0, 2: 0, 3: 0, 4: 0}",1
31,True,"{'a': 0.0, 'e': 0.0}",20,6,23.988696786790143,"{0: 14, 1: 0, 2: 0, 3: 0, 4: 0}",1
32,True,"{'a': 0.0, 'e': 0.0}",20,7,24.98186684854133,"{0: 13, 1: 0, 2: 0, 3: 0, 4: 0}",1
33,True,"{'a': 0.0, 'e': 0.0}",25,7,32.130849373102734,"{0: 18, 1: 0, 2: 0, 3: 0, 4: 0}",1
34,True,"{'a': 0.0, 'e': 0.0}",20,4,22.473032341386823,"{0: 16, 1: 0, 2: 0, 3: 0, 4: 0}",1
35,True,"{'a': 0.0, 'e': 0.0}",25,3,32.83593509239894,"{0: 22, 1: 0, 2: 0, 3: 0, 4: 0}",1
36,True,"{'a': 0.0, 'e': 0.0}",20,9,15.283862507915202,"{0: 11, 1: 0, 2: 0, 3: 0, 4: 0}",1
37,True,"{'a': 0.0, 'e': 0.0}",25,20,10.170168153324171,"{0: 5, 1: 0, 2: 0, 3: 0, 4: 0}",1
38,True,"{'a': 0.0, 'e': 0.0}",20,7,22.833862695412535,"{0: 13, 1: 0, 2: 0, 3: 0, 4: 0}",1
39,True,"{'a': 0.0, 'e': 0.0}",20,13,9.988753978700586,"{0: 7, 1: 0, 2: 0, 3: 0, 4: 0}",1
40,True,"{'a': 0.0, 'e': 0.0}",20,6,24.708816158326268,"{0: 14, 1: 0, 2: 0, 3: 0, 4: 0}",1
41,True,"{'a': 0.0, 'e': 0.0}",20,5,25.57688922125392,"{0: 15, 1: 0, 2: 0, 3: 0, 4: 0}",1
42,True,"{'a': 0.0, 'e': 0.0}",30,20,19.77480165310151,"{0: 10, 1: 0, 2: 0, 3: 0, 4: 0}",1
43,True,"{'a': 0.0, 'e': 0.0}",30,18,21.546300484091248,"{0: 12, 1: 0, 2: 0, 3: 0, 4: 0}",1
44,True,"{'a': 0.0, 'e': 0.0}",20,6,26.28182175702289,"{0: 14, 1: 0, 2: 0, 3: 0, 4: 0}",1
45,True,"{'a': 0.0, 'e': 0.0}",35,0,50.941450765047094,"{0: 35, 1: 0, 2: 0, 3: 0, 4: 0}",0
46,True,"{'a': 0.0, 'e': 0.0}",20,16,8.48301845660355,"{0: 4, 1: 0, 2: 0, 3: 0, 4: 0}",1
47,True,"{'a': 0.0, 'e': 0.0}",25,10,25.371802990853393,"{0: 15, 1: 0, 2: 0, 3: 0, 4: 0}",1
48,True,"{'a': 0.0, 'e': 0.0}",30,16,21.539909090174294,"{0: 14, 1: 0, 2: 0, 3: 0, 4: 0}",1
49,True,"{'a': 0.0, 'e': 0.0}",20,8,21.54197331948284,"{0: 12, 1: 0, 2: 0, 3: 0, 4: 0}",1
50,True,"{'a': 0.0, 'e': 0.0}",30,20,17.585589074452464,"{0: 10, 1: 0, 2: 0, 3: 0, 4: 0}",1
51,True,"{'a': 0.0, 'e': 0.0}",30,12,33.28916396920789,"{0: 18, 1: 0, 2: 0, 3: 0, 4: 0}",1
52,True,"{'a': 0.0, 'e': 0.0}",25,11,26.563840977187805,"{0: 14, 1: 0, 2: 0, 3: 0, 4: 0}",1
53,True,"{'a': 0.0, 'e': 0.0}",30,14,30.14916333479184,"{0: 16, 1: 0, 2: 0, 3: 0, 4: 0}",1
54,True,"{'a': 0.0, 'e': 0.0}",25,10,25.90700329624246,"{0: 15, 1: 0, 2: 0, 3: 0, 4: 0}",1
55,True,"{'a': 0.0, 'e': 0.0}",30,23,11.31239744060359,"{0: 7, 1: 0, 2: 0, 3: 0, 4: 0}",1
56,True,"{'a': 0.0, 'e': 0.0}",25,14,23.250697978302373,"{0: 11, 1: 0, 2: 0, 3: 0, 4: 0}",1
57,True,"{'a': 0.0, 'e': 0.0}",20,9,17.990205570157293,"{0: 11, 1: 0, 2: 0, 3: 0, 4: 0}",1
58,True,"{'a': 0.0, 'e': 0.0}",25,15,18.6053666196808,"{0: 10, 1: 0, 2: 0, 3: 0, 4: 0}",1
59,True,"{'a': 0.0, 'e': 0.0}",20,14,12.33573896355259,"{0: 6, 1: 0, 2: 0, 3: 0, 4: 0}",1
60,True,"{'a': 0.0, 'e': 0.0}",30,18,16.805900647116143,"{0: 12, 1: 0, 2: 0, 3: 0, 4: 0}",1
61,True,"{'a': 0.0, 'e': 0.0}",20,1,32.87005405432643,"{0: 19, 1: 0, 2: 0, 3: 0, 4: 0}",1
62,True,"{'a': 0.0, 'e': 0.0}",20,14,10.488511847772648,"{0: 6, 1: 0, 2: 0, 3: 0, 4: 0}",1
63,True,"{'a': 0.0, 'e': 0.0}",30,13,32.509506071262436,"{0: 17, 1: 0, 2: 0, 3: 0, 4: 0}",1
64,True,"{'a': 0.0, 'e': 0.0}",20,5,26.26329057644156,"{0: 15, 1: 0, 2: 0, 3: 0, 4: 0}",1
65,True,"{'a': 0.0, 'e': 0.0}",30,14,28.74170125233895,"{0: 16, 1: 0, 2: 0, 3: 0, 4: 0}",1
66,True,"{'a': 0.0, 'e': 0.0}",25,8,29.746819319108887,"{0: 17, 1: 0, 2: 0, 3: 0, 4: 0}",1
67,True,"{'a': 0.0, 'e': 0.0}",20,12,15.531457957155613,"{0: 8, 1: 0, 2: 0, 3: 0, 4: 0}",1
68,True,"{'a': 0.0, 'e': 0.0}",20,10,19.943443291226718,"{0: 10, 1: 0, 2: 0, 3: 0, 4: 0}",1
69,True,"{'a': 0.0, 'e': 0.0}",25,11,24.61957739986319,"{0: 14, 1: 0, 2: 0, 3: 0, 4: 0}",1
70,True,"{'a': 0.0, 'e': 0.0}",30,22,14.680254762368401,"{0: 8, 1: 0, 2: 0, 3: 0, 4: 0}",1
71,True,"{'a': 0.0, 'e': 0.0}",30,12,33.03708813422403,"{0: 18, 1: 0, 2: 0, 3: 0, 4: 0}",1
72,True,"{'a': 0.0, 'e': 0.0}",20,13,10.768416970367479,"{0: 7, 1: 0, 2: 0, 3: 0, 4: 0}",1
73,True,"{'a': 0.0, 'e': 0.0}",30,17,22.02267320097733,"{0: 13, 1: 0, 2: 0, 3: 0, 4: 0}",1
74,True,"{'a': 0.0, 'e': 0.0}",20,12,14.01473801495565,"{0: 8, 1: 0, 2: 0, 3: 0, 4: 0}",1
75,True,"{'a': 0.0, 'e': 0.0}",20,13,13.870264209606173,"{0: 7, 1: 0, 2: 0, 3: 0, 4: 0}",1
76,True,"{'a': 0.0, 'e': 0.0}",20,12,10.926921267212649,"{0: 8, 1: 0, 2: 0, 3: 0, 4: 0}",1
77,True,"{'a': 0.0, 'e': 0.0}",20,13,15.620537057647043,"{0: 7, 1: 0, 2: 0, 3: 0, 4: 0}",1
78,True,"{'a': 0.0, 'e': 0.0}",20,6,25.58925435096873,"{0: 14, 1: 0, 2: 0, 3: 0, 4: 0}",1
79,True,"{'a': 0.0, 'e': 0.0}",20,9,20.64418871265116,"{0: 11, 1: 0, 2: 0, 3: 0, 4: 0}",1
80,True,"{'a': 0.0, 'e': 0.0}",30,18,22.710642452539854,"{0: 12, 1: 0, 2: 0, 3: 0, 4: 0}",1
81,True,"{'a': 0.0, 'e': 0.0}",20,11,13.299869573938626,"{0: 9, 1: 0, 2: 0, 3: 0, 4: 0}",1
82,True,"{'a': 0.0, 'e': 0.0}",25,3,29.39737972402908,"{0: 22, 1: 0, 2: 0, 3: 0, 4: 0}",1
83,True,"{'a': 0.0, 'e': 0.0}",25,8,25.790783450192276,"{0: 17, 1: 0, 2: 0, 3: 0, 4: 0}",1
84,True,"{'a': 0.0, 'e': 0.0}",25,2,41.93921357450406,"{0: 23, 1: 0, 2: 0, 3: 0, 4: 0}",1
85,True,"{'a': 0.0, 'e': 0.0}",20,11,20.362293763348287,"{0: 9, 1: 0, 2: 0, 3: 0, 4: 0}",1
86,True,"{'a': 0.0, 'e': 0.0}",30,16,21.41106087542327,"{0: 14, 1: 0, 2: 0, 3: 0, 4: 0}",1
87,True,"{'a': 0.0, 'e': 0.0}",20,2,27.952020601681532,"{0: 18, 1: 0, 2: 0, 3: 0, 4: 0}",1
88,True,"{'a': 0.0, 'e': 0.0}",20,8,22.75544085156519,"{0: 12, 1: 0, 2: 0, 3: 0, 4: 0}",1
89,True,"{'a': 0.0, 'e': 0.0}",35,15,39.84521354367814,"{0: 20, 1: 0, 2: 0, 3: 0, 4: 0}",1
90,True,"{'a': 0.0, 'e': 0.0}",20,13,13.21969540713909,"{0: 7, 1: 0, 2: 0, 3: 0, 4: 0}",1
91,True,"{'a': 0.0, 'e': 0.0}",30,17,21.980963912004654,"{0: 13, 1: 0, 2: 0, 3: 0, 4: 0}",1
92,True,"{'a': 0.0, 'e': 0.0}",20,12,9.45029355011886,"{0: 8, 1: 0, 2: 0, 3: 0, 4: 0}",1
93,True,"{'a': 0.0, 'e': 0.0}",30,14,27.613123311695198,"{0: 16, 1: 0, 2: 0, 3: 0, 4: 0}",1
94,True,"{'a': 0.0, 'e': 0.0}",20,9,20.966230415041476,"{0: 11, 1: 0, 2: 0, 3: 0, 4: 0}",1
95,True,"{'a': 0.0, 'e': 0.0}",20,9,22.29089440243039,"{0: 11, 1: 0, 2: 0, 3: 0, 4: 0}",1
96,True,"{'a': 0.0, 'e': 0.0}",25,17,14.369614170617051,"{0: 8, 1: 0, 2: 0, 3: 0, 4: 0}",1
97,True,"{'a': 0.0, 'e': 0.0}",25,8,28.666635476571265,"{0: 17, 1: 0, 2: 0, 3: 0, 4: 0}",1
98,True,"{'a': 0.0, 'e': 0.0}",25,16,18.724447850573785,"{0: 9, 1: 0, 2: 0, 3: 0, 4: 0}",1
99,True,"{'a': 0.0, 'e': 0.0}",20,4,24.577126846126767,"{0: 16, 1: 0, 2: 0, 3: 0, 4: 0}",1
100,True,"{'a': 0.0, 'e': 0.0}",30,17,23.007798237688583,"{0: 13, 1: 0, 2: 0, 3: 0, 4: 0}",1
